#
# There is insufficient memory for the Java Runtime Environment to continue.
# Native memory allocation (mmap) failed to map 624951296 bytes for G1 virtual space
# Possible reasons:
#   The system is out of physical RAM or swap space
#   The process is running with CompressedOops enabled, and the Java Heap may be blocking the growth of the native heap
# Possible solutions:
#   Reduce memory load on the system
#   Increase physical memory or swap space
#   Check if swap backing store is full
#   Decrease Java heap size (-Xmx/-Xms)
#   Decrease number of Java threads
#   Decrease Java thread stack sizes (-Xss)
#   Set larger code cache with -XX:ReservedCodeCacheSize=
#   JVM is running with Unscaled Compressed Oops mode in which the Java heap is
#     placed in the first 4GB address space. The Java Heap base address is the
#     maximum limit for the native heap growth. Please use -XX:HeapBaseMinAddress
#     to set the Java Heap base and to place the Java Heap above 4GB virtual address.
# This output file may be truncated or incomplete.
#
#  Out of Memory Error (os_windows.cpp:3469), pid=25704, tid=7892
#
# JRE version: OpenJDK Runtime Environment (17.0.0.1+2) (build 17.0.0.1+2-3)
# Java VM: OpenJDK 64-Bit Server VM (17.0.0.1+2-3, mixed mode, sharing, tiered, compressed oops, compressed class ptrs, g1 gc, windows-amd64)
# No core dump will be written. Minidumps are not enabled by default on client versions of Windows
#

---------------  S U M M A R Y ------------

Command Line: --add-opens=java.base/java.lang=ALL-UNNAMED --add-opens=java.base/java.lang.invoke=ALL-UNNAMED --add-opens=java.base/java.util=ALL-UNNAMED --add-opens=java.prefs/java.util.prefs=ALL-UNNAMED --add-exports=jdk.compiler/com.sun.tools.javac.api=ALL-UNNAMED --add-exports=jdk.compiler/com.sun.tools.javac.util=ALL-UNNAMED --add-opens=java.base/java.util=ALL-UNNAMED --add-opens=java.prefs/java.util.prefs=ALL-UNNAMED --add-opens=java.base/java.nio.charset=ALL-UNNAMED --add-opens=java.base/java.net=ALL-UNNAMED --add-opens=java.base/java.util.concurrent.atomic=ALL-UNNAMED --add-opens=java.xml/javax.xml.namespace=ALL-UNNAMED -Xmx2048m -Dfile.encoding=UTF-8 -Duser.country=IN -Duser.language=en -Duser.variant -javaagent:C:\Users\Dell\.gradle\wrapper\dists\gradle-8.11.1-bin\bpt9gzteqjrbo1mjrsomdt32c\gradle-8.11.1\lib\agents\gradle-instrumentation-agent-8.11.1.jar org.gradle.launcher.daemon.bootstrap.GradleDaemon 8.11.1

Host: 11th Gen Intel(R) Core(TM) i5-1135G7 @ 2.40GHz, 8 cores, 7G,  Windows 10 , 64 bit Build 26100 (10.0.26100.6725)
Time: Fri Oct 31 00:05:37 2025 India Standard Time elapsed time: 3571.598586 seconds (0d 0h 59m 31s)

---------------  T H R E A D  ---------------

Current thread (0x00000246b512acb0):  VMThread "VM Thread" [stack: 0x00000067faf00000,0x00000067fb000000] [id=7892]

Stack: [0x00000067faf00000,0x00000067fb000000]
Native frames: (J=compiled Java code, j=interpreted, Vv=VM code, C=native code)
V  [jvm.dll+0x66f8ea]
V  [jvm.dll+0x7ce224]
V  [jvm.dll+0x7cf9ce]
V  [jvm.dll+0x7d0033]
V  [jvm.dll+0x242bb5]
V  [jvm.dll+0x66c909]
V  [jvm.dll+0x6613d2]
V  [jvm.dll+0x30082b]
V  [jvm.dll+0x307db6]
V  [jvm.dll+0x357a0e]
V  [jvm.dll+0x357c3f]
V  [jvm.dll+0x2d7ae8]
V  [jvm.dll+0x2d5db4]
V  [jvm.dll+0x2d53bc]
V  [jvm.dll+0x318d1b]
V  [jvm.dll+0x7d44cb]
V  [jvm.dll+0x7d5204]
V  [jvm.dll+0x7d571c]
V  [jvm.dll+0x7d5af4]
V  [jvm.dll+0x7d5bc0]
V  [jvm.dll+0x77e7ea]
V  [jvm.dll+0x66e715]
C  [ucrtbase.dll+0x37b0]
C  [KERNEL32.DLL+0x2e8d7]
C  [ntdll.dll+0x8c53c]

VM_Operation (0x00000067fd7ff0a0): G1CollectForAllocation, mode: safepoint, requested by thread 0x00000246ba3c3450


---------------  P R O C E S S  ---------------

Threads class SMR info:
_java_thread_list=0x00000246c1415550, length=134, elements={
0x0000024695094030, 0x00000246b51321b0, 0x00000246b51337e0, 0x00000246b5149140,
0x00000246b514bb10, 0x00000246b514cf40, 0x00000246b5150380, 0x00000246b5152650,
0x00000246b5154010, 0x00000246b5157490, 0x00000246b511f170, 0x00000246b5d60d70,
0x00000246b7618170, 0x00000246b6fe89b0, 0x00000246b7e18b90, 0x00000246b7e92d80,
0x00000246b7e93720, 0x00000246b7e928b0, 0x00000246b7e940c0, 0x00000246b7e91a40,
0x00000246ba3c3450, 0x00000246ba3c3df0, 0x00000246ba3c5ad0, 0x00000246ba3c4790,
0x00000246b81a1d00, 0x00000246b81a1360, 0x00000246b81a2b70, 0x00000246b81a0e90,
0x00000246b819f1b0, 0x00000246b72226a0, 0x00000246c0121c60, 0x00000246c0122130,
0x00000246c0122600, 0x00000246c0122ad0, 0x00000246c14338f0, 0x00000246baff0320,
0x00000246bbabad00, 0x00000246c3878120, 0x00000246c4dd4da0, 0x00000246c387a2d0,
0x00000246bfbfa7a0, 0x00000246bfbf9930, 0x00000246c3878ac0, 0x00000246c4dd5270,
0x00000246c4dd5c10, 0x00000246c4dd60e0, 0x00000246c4dd5740, 0x00000246c4dd2720,
0x00000246c4dd2bf0, 0x00000246c4dd48d0, 0x00000246c4dd30c0, 0x00000246c4dd3a60,
0x00000246c4dd3590, 0x00000246c193ab40, 0x00000246c193ccf0, 0x00000246c387b140,
0x00000246c3877c50, 0x00000246c387b610, 0x00000246c3879930, 0x00000246c3879460,
0x00000246c387a7a0, 0x00000246c3879e00, 0x00000246c3878f90, 0x00000246c387ac70,
0x00000246c38785f0, 0x00000246bbab94f0, 0x00000246bac931a0, 0x00000246bac93b40,
0x00000246bac94010, 0x00000246bac92cd0, 0x00000246bac944e0, 0x00000246bac93670,
0x00000246bad5a890, 0x00000246c4dd3f30, 0x00000246c4dd4400, 0x00000246bc82bd60,
0x00000246bc82d570, 0x00000246bfbfb610, 0x00000246bfbfd2f0, 0x00000246bfbfac70,
0x00000246bfbfbfb0, 0x00000246bfbfb140, 0x00000246bfbfbae0, 0x00000246bfbfc480,
0x00000246c193b9b0, 0x00000246c193be80, 0x00000246bbabc040, 0x00000246bbabbb70,
0x00000246bbabb1d0, 0x00000246bbabb6a0, 0x00000246bbabc510, 0x00000246bbaba830,
0x00000246bbaa2360, 0x00000246c193d690, 0x00000246c193d1c0, 0x00000246c193c350,
0x00000246c1939cd0, 0x00000246c193b010, 0x00000246c193a1a0, 0x00000246c193c820,
0x00000246c193b4e0, 0x00000246bad5c570, 0x00000246bc82cbd0, 0x00000246bc82c230,
0x00000246bc82c700, 0x00000246c37d2af0, 0x00000246baa4f550, 0x00000246baa52570,
0x00000246baa4fef0, 0x00000246bad5a3c0, 0x00000246bad5b700, 0x00000246bad5bbd0,
0x00000246bad59ef0, 0x00000246bad5c0a0, 0x00000246baa503c0, 0x00000246baa52a40,
0x00000246baa50890, 0x00000246baa50d60, 0x00000246c37d1c80, 0x00000246c37d2fc0,
0x00000246c37d3490, 0x00000246c37d2620, 0x00000246c37d2150, 0x00000246b6e7e970,
0x00000246b6e7ee40, 0x00000246b6e7db00, 0x00000246bad5ad60, 0x00000246bbaa19c0,
0x00000246bbaa4eb0, 0x00000246bbaa14f0, 0x00000246bad5b230, 0x00000246bad5ca40,
0x00000246bad5cf10, 0x00000246b6e7d630
}

Java Threads: ( => current thread )
  0x0000024695094030 JavaThread "main" [_thread_blocked, id=14292, stack(0x00000067fa900000,0x00000067faa00000)]
  0x00000246b51321b0 JavaThread "Reference Handler" daemon [_thread_blocked, id=19672, stack(0x00000067fb000000,0x00000067fb100000)]
  0x00000246b51337e0 JavaThread "Finalizer" daemon [_thread_blocked, id=22984, stack(0x00000067fb100000,0x00000067fb200000)]
  0x00000246b5149140 JavaThread "Signal Dispatcher" daemon [_thread_blocked, id=16124, stack(0x00000067fb200000,0x00000067fb300000)]
  0x00000246b514bb10 JavaThread "Attach Listener" daemon [_thread_blocked, id=13604, stack(0x00000067fb300000,0x00000067fb400000)]
  0x00000246b514cf40 JavaThread "Service Thread" daemon [_thread_blocked, id=25580, stack(0x00000067fb400000,0x00000067fb500000)]
  0x00000246b5150380 JavaThread "Monitor Deflation Thread" daemon [_thread_blocked, id=4484, stack(0x00000067fb500000,0x00000067fb600000)]
  0x00000246b5152650 JavaThread "C2 CompilerThread0" daemon [_thread_blocked, id=8516, stack(0x00000067fb600000,0x00000067fb700000)]
  0x00000246b5154010 JavaThread "C1 CompilerThread0" daemon [_thread_blocked, id=18136, stack(0x00000067fb700000,0x00000067fb800000)]
  0x00000246b5157490 JavaThread "Sweeper thread" daemon [_thread_blocked, id=18140, stack(0x00000067fb800000,0x00000067fb900000)]
  0x00000246b511f170 JavaThread "Common-Cleaner" daemon [_thread_blocked, id=20272, stack(0x00000067fb900000,0x00000067fba00000)]
  0x00000246b5d60d70 JavaThread "Notification Thread" daemon [_thread_blocked, id=6744, stack(0x00000067fba00000,0x00000067fbb00000)]
  0x00000246b7618170 JavaThread "Daemon health stats" [_thread_blocked, id=16992, stack(0x00000067fbc00000,0x00000067fbd00000)]
  0x00000246b6fe89b0 JavaThread "Incoming local TCP Connector on port 58564" [_thread_in_native, id=6068, stack(0x00000067fc100000,0x00000067fc200000)]
  0x00000246b7e18b90 JavaThread "Daemon periodic checks" [_thread_blocked, id=20696, stack(0x00000067fc200000,0x00000067fc300000)]
  0x00000246b7e92d80 JavaThread "Cache worker for journal cache (C:\Users\Dell\.gradle\caches\journal-1)" [_thread_blocked, id=20128, stack(0x00000067fcb00000,0x00000067fcc00000)]
  0x00000246b7e93720 JavaThread "File lock request listener" [_thread_in_native, id=8600, stack(0x00000067fcc00000,0x00000067fcd00000)]
  0x00000246b7e928b0 JavaThread "Cache worker for file hash cache (C:\Users\Dell\.gradle\caches\8.11.1\fileHashes)" [_thread_blocked, id=23216, stack(0x00000067fcd00000,0x00000067fce00000)]
  0x00000246b7e940c0 JavaThread "Cache worker for file content cache (C:\Users\Dell\.gradle\caches\8.11.1\fileContent)" [_thread_blocked, id=25328, stack(0x00000067fd200000,0x00000067fd300000)]
  0x00000246b7e91a40 JavaThread "File watcher server" daemon [_thread_blocked, id=25248, stack(0x00000067fd600000,0x00000067fd700000)]
  0x00000246ba3c3450 JavaThread "File watcher consumer" daemon [_thread_blocked, id=26772, stack(0x00000067fd700000,0x00000067fd800000)]
  0x00000246ba3c3df0 JavaThread "jar transforms" [_thread_blocked, id=22560, stack(0x00000067fdb00000,0x00000067fdc00000)]
  0x00000246ba3c5ad0 JavaThread "jar transforms Thread 2" [_thread_blocked, id=22752, stack(0x00000067fdc00000,0x00000067fdd00000)]
  0x00000246ba3c4790 JavaThread "jar transforms Thread 3" [_thread_blocked, id=24092, stack(0x00000067fdd00000,0x00000067fde00000)]
  0x00000246b81a1d00 JavaThread "jar transforms Thread 4" [_thread_blocked, id=19784, stack(0x00000067fe600000,0x00000067fe700000)]
  0x00000246b81a1360 JavaThread "jar transforms Thread 5" [_thread_blocked, id=11148, stack(0x00000067fe700000,0x00000067fe800000)]
  0x00000246b81a2b70 JavaThread "jar transforms Thread 6" [_thread_blocked, id=25824, stack(0x00000067fec00000,0x00000067fed00000)]
  0x00000246b81a0e90 JavaThread "jar transforms Thread 7" [_thread_blocked, id=13720, stack(0x00000067fed00000,0x00000067fee00000)]
  0x00000246b819f1b0 JavaThread "jar transforms Thread 8" [_thread_blocked, id=24832, stack(0x00000067fee00000,0x00000067fef00000)]
  0x00000246b72226a0 JavaThread "Memory manager" [_thread_blocked, id=964, stack(0x0000006781300000,0x0000006781400000)]
  0x00000246c0121c60 JavaThread "RMI Scheduler(0)" daemon [_thread_blocked, id=18804, stack(0x0000006784300000,0x0000006784400000)]
  0x00000246c0122130 JavaThread "RMI GC Daemon" daemon [_thread_blocked, id=19612, stack(0x0000006784500000,0x0000006784600000)]
  0x00000246c0122600 JavaThread "RMI TCP Accept-0" daemon [_thread_in_native, id=6232, stack(0x0000006784600000,0x0000006784700000)]
  0x00000246c0122ad0 JavaThread "RMI Reaper" [_thread_blocked, id=5556, stack(0x0000006784700000,0x0000006784800000)]
  0x00000246c14338f0 JavaThread "Cache worker for Java compile cache (C:\Users\Dell\.gradle\caches\8.11.1\javaCompile)" [_thread_blocked, id=11664, stack(0x0000006781200000,0x0000006781300000)]
  0x00000246baff0320 JavaThread "Daemon Thread 3" [_thread_blocked, id=23072, stack(0x0000006780100000,0x0000006780200000)]
  0x00000246bbabad00 JavaThread "Daemon worker Thread 3" [_thread_blocked, id=7568, stack(0x0000006780400000,0x0000006780500000)]
  0x00000246c3878120 JavaThread "included builds" [_thread_blocked, id=22448, stack(0x0000006783300000,0x0000006783400000)]
  0x00000246c4dd4da0 JavaThread "RMI TCP Connection(31)-127.0.0.1" daemon [_thread_in_native, id=12680, stack(0x0000006786c00000,0x0000006786d00000)]
  0x00000246c387a2d0 JavaThread "RMI TCP Connection(32)-127.0.0.1" daemon [_thread_in_native, id=27132, stack(0x0000006786d00000,0x0000006786e00000)]
  0x00000246bfbfa7a0 JavaThread "VFS cleanup Thread 3" [_thread_blocked, id=18164, stack(0x0000006780000000,0x0000006780100000)]
  0x00000246bfbf9930 JavaThread "Handler for socket connection from /127.0.0.1:58564 to /127.0.0.1:61891" [_thread_in_native, id=26564, stack(0x0000006780200000,0x0000006780300000)]
  0x00000246c3878ac0 JavaThread "Cancel handler" [_thread_blocked, id=24604, stack(0x0000006780300000,0x0000006780400000)]
  0x00000246c4dd5270 JavaThread "Asynchronous log dispatcher for DefaultDaemonConnection: socket connection from /127.0.0.1:58564 to /127.0.0.1:61891" [_thread_blocked, id=22700, stack(0x0000006780500000,0x0000006780600000)]
  0x00000246c4dd5c10 JavaThread "Stdin handler" [_thread_blocked, id=23760, stack(0x0000006780600000,0x0000006780700000)]
  0x00000246c4dd60e0 JavaThread "Daemon client event forwarder" [_thread_blocked, id=18084, stack(0x0000006780700000,0x0000006780800000)]
  0x00000246c4dd5740 JavaThread "Cache worker for file hash cache (D:\Face_recognition\.gradle\8.11.1\fileHashes)" [_thread_blocked, id=27256, stack(0x0000006780800000,0x0000006780900000)]
  0x00000246c4dd2720 JavaThread "Cache worker for Build Output Cleanup Cache (D:\Face_recognition\.gradle\buildOutputCleanup)" [_thread_blocked, id=22244, stack(0x0000006780900000,0x0000006780a00000)]
  0x00000246c4dd2bf0 JavaThread "Cache worker for checksums cache (D:\Face_recognition\.gradle\8.11.1\checksums)" [_thread_blocked, id=13200, stack(0x0000006780a00000,0x0000006780b00000)]
  0x00000246c4dd48d0 JavaThread "Cache worker for cache directory md-rule (C:\Users\Dell\.gradle\caches\8.11.1\md-rule)" [_thread_blocked, id=9872, stack(0x0000006780b00000,0x0000006780c00000)]
  0x00000246c4dd30c0 JavaThread "Cache worker for cache directory md-supplier (C:\Users\Dell\.gradle\caches\8.11.1\md-supplier)" [_thread_blocked, id=20324, stack(0x0000006780c00000,0x0000006780d00000)]
  0x00000246c4dd3a60 JavaThread "Unconstrained build operations" [_thread_blocked, id=8664, stack(0x0000006780d00000,0x0000006780e00000)]
  0x00000246c4dd3590 JavaThread "Unconstrained build operations Thread 2" [_thread_blocked, id=1032, stack(0x0000006780e00000,0x0000006780f00000)]
  0x00000246c193ab40 JavaThread "Unconstrained build operations Thread 3" [_thread_blocked, id=12544, stack(0x0000006780f00000,0x0000006781000000)]
  0x00000246c193ccf0 JavaThread "Unconstrained build operations Thread 4" [_thread_blocked, id=13652, stack(0x0000006781000000,0x0000006781100000)]
  0x00000246c387b140 JavaThread "Unconstrained build operations Thread 5" [_thread_blocked, id=22024, stack(0x0000006781100000,0x0000006781200000)]
  0x00000246c3877c50 JavaThread "Unconstrained build operations Thread 6" [_thread_blocked, id=3384, stack(0x0000006781400000,0x0000006781500000)]
  0x00000246c387b610 JavaThread "Unconstrained build operations Thread 7" [_thread_blocked, id=7852, stack(0x0000006781600000,0x0000006781700000)]
  0x00000246c3879930 JavaThread "Unconstrained build operations Thread 8" [_thread_blocked, id=27524, stack(0x0000006781700000,0x0000006781800000)]
  0x00000246c3879460 JavaThread "Unconstrained build operations Thread 9" [_thread_blocked, id=19076, stack(0x0000006781900000,0x0000006781a00000)]
  0x00000246c387a7a0 JavaThread "Unconstrained build operations Thread 10" [_thread_blocked, id=22840, stack(0x0000006781a00000,0x0000006781b00000)]
  0x00000246c3879e00 JavaThread "Unconstrained build operations Thread 11" [_thread_blocked, id=13924, stack(0x0000006781b00000,0x0000006781c00000)]
  0x00000246c3878f90 JavaThread "Unconstrained build operations Thread 12" [_thread_blocked, id=11220, stack(0x0000006781c00000,0x0000006781d00000)]
  0x00000246c387ac70 JavaThread "Unconstrained build operations Thread 13" [_thread_blocked, id=22108, stack(0x0000006781d00000,0x0000006781e00000)]
  0x00000246c38785f0 JavaThread "Unconstrained build operations Thread 14" [_thread_blocked, id=19428, stack(0x0000006781e00000,0x0000006781f00000)]
  0x00000246bbab94f0 JavaThread "Unconstrained build operations Thread 15" [_thread_blocked, id=6256, stack(0x0000006781f00000,0x0000006782000000)]
  0x00000246bac931a0 JavaThread "Unconstrained build operations Thread 16" [_thread_blocked, id=17572, stack(0x0000006782000000,0x0000006782100000)]
  0x00000246bac93b40 JavaThread "Unconstrained build operations Thread 17" [_thread_blocked, id=27620, stack(0x0000006782100000,0x0000006782200000)]
  0x00000246bac94010 JavaThread "Unconstrained build operations Thread 18" [_thread_blocked, id=3864, stack(0x0000006782200000,0x0000006782300000)]
  0x00000246bac92cd0 JavaThread "Unconstrained build operations Thread 19" [_thread_blocked, id=24804, stack(0x0000006782300000,0x0000006782400000)]
  0x00000246bac944e0 JavaThread "Unconstrained build operations Thread 20" [_thread_blocked, id=19764, stack(0x0000006782400000,0x0000006782500000)]
  0x00000246bac93670 JavaThread "Unconstrained build operations Thread 21" [_thread_blocked, id=18208, stack(0x0000006782500000,0x0000006782600000)]
  0x00000246bad5a890 JavaThread "Unconstrained build operations Thread 22" [_thread_blocked, id=10324, stack(0x0000006782600000,0x0000006782700000)]
  0x00000246c4dd3f30 JavaThread "Unconstrained build operations Thread 23" [_thread_blocked, id=2168, stack(0x0000006782700000,0x0000006782800000)]
  0x00000246c4dd4400 JavaThread "Unconstrained build operations Thread 24" [_thread_blocked, id=21540, stack(0x0000006782800000,0x0000006782900000)]
  0x00000246bc82bd60 JavaThread "Unconstrained build operations Thread 25" [_thread_blocked, id=24632, stack(0x0000006782900000,0x0000006782a00000)]
  0x00000246bc82d570 JavaThread "Unconstrained build operations Thread 26" [_thread_blocked, id=11632, stack(0x0000006782a00000,0x0000006782b00000)]
  0x00000246bfbfb610 JavaThread "Unconstrained build operations Thread 27" [_thread_blocked, id=14824, stack(0x0000006782b00000,0x0000006782c00000)]
  0x00000246bfbfd2f0 JavaThread "Unconstrained build operations Thread 28" [_thread_blocked, id=17752, stack(0x0000006782c00000,0x0000006782d00000)]
  0x00000246bfbfac70 JavaThread "Unconstrained build operations Thread 29" [_thread_blocked, id=8460, stack(0x0000006782d00000,0x0000006782e00000)]
  0x00000246bfbfbfb0 JavaThread "Unconstrained build operations Thread 30" [_thread_blocked, id=24548, stack(0x0000006782e00000,0x0000006782f00000)]
  0x00000246bfbfb140 JavaThread "Unconstrained build operations Thread 31" [_thread_blocked, id=22512, stack(0x0000006782f00000,0x0000006783000000)]
  0x00000246bfbfbae0 JavaThread "Unconstrained build operations Thread 32" [_thread_blocked, id=14848, stack(0x0000006783000000,0x0000006783100000)]
  0x00000246bfbfc480 JavaThread "build event listener" [_thread_blocked, id=204, stack(0x0000006781800000,0x0000006781900000)]
  0x00000246c193b9b0 JavaThread "build event listener" [_thread_blocked, id=25892, stack(0x0000006783100000,0x0000006783200000)]
  0x00000246c193be80 JavaThread "included builds" [_thread_blocked, id=18536, stack(0x0000006783400000,0x0000006783500000)]
  0x00000246bbabc040 JavaThread "Execution worker" [_thread_blocked, id=1072, stack(0x0000006783500000,0x0000006783600000)]
  0x00000246bbabbb70 JavaThread "Execution worker Thread 2" [_thread_blocked, id=5152, stack(0x0000006783600000,0x0000006783700000)]
  0x00000246bbabb1d0 JavaThread "Execution worker Thread 3" [_thread_blocked, id=21100, stack(0x0000006783700000,0x0000006783800000)]
  0x00000246bbabb6a0 JavaThread "Execution worker Thread 4" [_thread_blocked, id=12112, stack(0x0000006783800000,0x0000006783900000)]
  0x00000246bbabc510 JavaThread "Execution worker Thread 5" [_thread_blocked, id=300, stack(0x0000006783900000,0x0000006783a00000)]
  0x00000246bbaba830 JavaThread "Execution worker Thread 6" [_thread_blocked, id=7272, stack(0x0000006783a00000,0x0000006783b00000)]
  0x00000246bbaa2360 JavaThread "Execution worker Thread 7" [_thread_blocked, id=464, stack(0x0000006783b00000,0x0000006783c00000)]
  0x00000246c193d690 JavaThread "Cache worker for execution history cache (D:\Face_recognition\.gradle\8.11.1\executionHistory)" [_thread_blocked, id=17672, stack(0x0000006783c00000,0x0000006783d00000)]
  0x00000246c193d1c0 JavaThread "Unconstrained build operations Thread 33" [_thread_blocked, id=22780, stack(0x0000006783200000,0x0000006783300000)]
  0x00000246c193c350 JavaThread "Unconstrained build operations Thread 34" [_thread_blocked, id=13748, stack(0x0000006783d00000,0x0000006783e00000)]
  0x00000246c1939cd0 JavaThread "Unconstrained build operations Thread 35" [_thread_blocked, id=4092, stack(0x0000006783e00000,0x0000006783f00000)]
  0x00000246c193b010 JavaThread "Unconstrained build operations Thread 36" [_thread_blocked, id=17940, stack(0x0000006783f00000,0x0000006784000000)]
  0x00000246c193a1a0 JavaThread "Unconstrained build operations Thread 37" [_thread_blocked, id=27592, stack(0x0000006784000000,0x0000006784100000)]
  0x00000246c193c820 JavaThread "Unconstrained build operations Thread 38" [_thread_blocked, id=2252, stack(0x0000006784100000,0x0000006784200000)]
  0x00000246c193b4e0 JavaThread "Unconstrained build operations Thread 39" [_thread_blocked, id=21432, stack(0x0000006784200000,0x0000006784300000)]
  0x00000246bad5c570 JavaThread "Unconstrained build operations Thread 40" [_thread_blocked, id=13816, stack(0x0000006784400000,0x0000006784500000)]
  0x00000246bc82cbd0 JavaThread "Unconstrained build operations Thread 41" [_thread_blocked, id=7532, stack(0x0000006784800000,0x0000006784900000)]
  0x00000246bc82c230 JavaThread "Unconstrained build operations Thread 42" [_thread_blocked, id=22652, stack(0x0000006784900000,0x0000006784a00000)]
  0x00000246bc82c700 JavaThread "Unconstrained build operations Thread 43" [_thread_blocked, id=12644, stack(0x0000006784a00000,0x0000006784b00000)]
  0x00000246c37d2af0 JavaThread "Unconstrained build operations Thread 44" [_thread_blocked, id=26488, stack(0x0000006784b00000,0x0000006784c00000)]
  0x00000246baa4f550 JavaThread "Unconstrained build operations Thread 45" [_thread_blocked, id=4280, stack(0x0000006784c00000,0x0000006784d00000)]
  0x00000246baa52570 JavaThread "Unconstrained build operations Thread 46" [_thread_blocked, id=26220, stack(0x0000006784d00000,0x0000006784e00000)]
  0x00000246baa4fef0 JavaThread "Unconstrained build operations Thread 47" [_thread_blocked, id=19792, stack(0x0000006784e00000,0x0000006784f00000)]
  0x00000246bad5a3c0 JavaThread "Unconstrained build operations Thread 48" [_thread_blocked, id=27408, stack(0x0000006784f00000,0x0000006785000000)]
  0x00000246bad5b700 JavaThread "Unconstrained build operations Thread 49" [_thread_blocked, id=3544, stack(0x0000006785000000,0x0000006785100000)]
  0x00000246bad5bbd0 JavaThread "Unconstrained build operations Thread 50" [_thread_blocked, id=17176, stack(0x0000006785100000,0x0000006785200000)]
  0x00000246bad59ef0 JavaThread "Unconstrained build operations Thread 51" [_thread_blocked, id=12908, stack(0x0000006785200000,0x0000006785300000)]
  0x00000246bad5c0a0 JavaThread "Unconstrained build operations Thread 52" [_thread_blocked, id=26424, stack(0x0000006785300000,0x0000006785400000)]
  0x00000246baa503c0 JavaThread "Unconstrained build operations Thread 53" [_thread_blocked, id=9264, stack(0x0000006785400000,0x0000006785500000)]
  0x00000246baa52a40 JavaThread "Unconstrained build operations Thread 54" [_thread_blocked, id=20876, stack(0x0000006785500000,0x0000006785600000)]
  0x00000246baa50890 JavaThread "Unconstrained build operations Thread 55" [_thread_blocked, id=15788, stack(0x0000006785600000,0x0000006785700000)]
  0x00000246baa50d60 JavaThread "Unconstrained build operations Thread 56" [_thread_blocked, id=19180, stack(0x0000006785700000,0x0000006785800000)]
  0x00000246c37d1c80 JavaThread "Unconstrained build operations Thread 57" [_thread_blocked, id=19464, stack(0x0000006785e00000,0x0000006785f00000)]
  0x00000246c37d2fc0 JavaThread "Unconstrained build operations Thread 58" [_thread_blocked, id=16948, stack(0x0000006785f00000,0x0000006786000000)]
  0x00000246c37d3490 JavaThread "Unconstrained build operations Thread 59" [_thread_blocked, id=20016, stack(0x0000006786000000,0x0000006786100000)]
  0x00000246c37d2620 JavaThread "Unconstrained build operations Thread 60" [_thread_blocked, id=22280, stack(0x0000006786100000,0x0000006786200000)]
  0x00000246c37d2150 JavaThread "Unconstrained build operations Thread 61" [_thread_blocked, id=11256, stack(0x0000006786200000,0x0000006786300000)]
  0x00000246b6e7e970 JavaThread "Unconstrained build operations Thread 62" [_thread_blocked, id=21660, stack(0x0000006786300000,0x0000006786400000)]
  0x00000246b6e7ee40 JavaThread "Unconstrained build operations Thread 63" [_thread_blocked, id=20688, stack(0x0000006786400000,0x0000006786500000)]
  0x00000246b6e7db00 JavaThread "WorkerExecutor Queue" [_thread_blocked, id=23432, stack(0x0000006786500000,0x0000006786600000)]
  0x00000246bad5ad60 JavaThread "Unconstrained build operations Thread 64" [_thread_blocked, id=27392, stack(0x0000006786700000,0x0000006786800000)]
  0x00000246bbaa19c0 JavaThread "Unconstrained build operations Thread 65" [_thread_blocked, id=26664, stack(0x0000006786800000,0x0000006786900000)]
  0x00000246bbaa4eb0 JavaThread "Unconstrained build operations Thread 66" [_thread_blocked, id=21136, stack(0x0000006786900000,0x0000006786a00000)]
  0x00000246bbaa14f0 JavaThread "Unconstrained build operations Thread 67" [_thread_blocked, id=25724, stack(0x0000006786a00000,0x0000006786b00000)]
  0x00000246bad5b230 JavaThread "Unconstrained build operations Thread 68" [_thread_blocked, id=9604, stack(0x0000006786b00000,0x0000006786c00000)]
  0x00000246bad5ca40 JavaThread "Unconstrained build operations Thread 69" [_thread_blocked, id=19368, stack(0x0000006786e00000,0x0000006786f00000)]
  0x00000246bad5cf10 JavaThread "Unconstrained build operations Thread 70" [_thread_blocked, id=11788, stack(0x0000006786f00000,0x0000006787000000)]
  0x00000246b6e7d630 JavaThread "WorkerExecutor Queue Thread 2" [_thread_blocked, id=23860, stack(0x0000006787000000,0x0000006787100000)]

Other Threads:
=>0x00000246b512acb0 VMThread "VM Thread" [stack: 0x00000067faf00000,0x00000067fb000000] [id=7892]
  0x00000246950ef8c0 WatcherThread [stack: 0x00000067fbb00000,0x00000067fbc00000] [id=7372]
  0x00000246950d3b80 GCTaskThread "GC Thread#0" [stack: 0x00000067faa00000,0x00000067fab00000] [id=3928]
  0x00000246b5e46070 GCTaskThread "GC Thread#1" [stack: 0x00000067fbd00000,0x00000067fbe00000] [id=12952]
  0x00000246b5e46b30 GCTaskThread "GC Thread#2" [stack: 0x00000067fbe00000,0x00000067fbf00000] [id=25876]
  0x00000246b5e478a0 GCTaskThread "GC Thread#3" [stack: 0x00000067fbf00000,0x00000067fc000000] [id=5240]
  0x00000246b5e47b50 GCTaskThread "GC Thread#4" [stack: 0x00000067fc000000,0x00000067fc100000] [id=21820]
  0x00000246b5e46de0 GCTaskThread "GC Thread#5" [stack: 0x00000067fce00000,0x00000067fcf00000] [id=21216]
  0x00000246b5e465d0 GCTaskThread "GC Thread#6" [stack: 0x00000067fcf00000,0x00000067fd000000] [id=12632]
  0x00000246b5e46880 GCTaskThread "GC Thread#7" [stack: 0x00000067fd000000,0x00000067fd100000] [id=20456]
  0x00000246950e56a0 ConcurrentGCThread "G1 Main Marker" [stack: 0x00000067fab00000,0x00000067fac00000] [id=14808]
  0x00000246950e8770 ConcurrentGCThread "G1 Conc#0" [stack: 0x00000067fac00000,0x00000067fad00000] [id=24072]
  0x00000246baec0e50 ConcurrentGCThread "G1 Conc#1" [stack: 0x00000067fd500000,0x00000067fd600000] [id=26272]
  0x0000024695152840 ConcurrentGCThread "G1 Refine#0" [stack: 0x00000067fad00000,0x00000067fae00000] [id=11532]
  0x00000246bc36a130 ConcurrentGCThread "G1 Refine#1" [stack: 0x0000006781500000,0x0000006781600000] [id=15348]
  0x00000246ba1e5830 ConcurrentGCThread "G1 Refine#2" [stack: 0x0000006785800000,0x0000006785900000] [id=24564]
  0x00000246ba1e74f0 ConcurrentGCThread "G1 Refine#3" [stack: 0x0000006785900000,0x0000006785a00000] [id=8816]
  0x00000246ba1e60d0 ConcurrentGCThread "G1 Refine#4" [stack: 0x0000006785a00000,0x0000006785b00000] [id=24040]
  0x00000246ba1e49d0 ConcurrentGCThread "G1 Refine#5" [stack: 0x0000006785b00000,0x0000006785c00000] [id=1576]
  0x00000246ba1e63b0 ConcurrentGCThread "G1 Refine#6" [stack: 0x0000006785c00000,0x0000006785d00000] [id=12828]
  0x00000246ba1e5270 ConcurrentGCThread "G1 Refine#7" [stack: 0x0000006785d00000,0x0000006785e00000] [id=23900]
  0x0000024695153170 ConcurrentGCThread "G1 Service" [stack: 0x00000067fae00000,0x00000067faf00000] [id=22140]

Threads with active compile tasks:
C2 CompilerThread0  3571643 30672       4       java.lang.invoke.MethodHandles$Lookup$ClassDefiner::defineClass (97 bytes)

VM state: at safepoint (normal execution)

VM Mutex/Monitor currently owned by a thread:  ([mutex/lock_event])
[0x000002469508f970] Threads_lock - owner thread: 0x00000246b512acb0
[0x000002469508e1d0] Heap_lock - owner thread: 0x00000246ba3c3450

Heap address: 0x0000000080000000, size: 2048 MB, Compressed Oops mode: 32-bit

CDS archive(s) mapped at: [0x0000000800000000-0x0000000800bc0000-0x0000000800bc0000), size 12320768, SharedBaseAddress: 0x0000000800000000, ArchiveRelocationMode: 0.
Compressed class space mapped at: 0x0000000800c00000-0x0000000840c00000, reserved size: 1073741824
Narrow klass base: 0x0000000800000000, Narrow klass shift: 0, Narrow klass range: 0x100000000

GC Precious Log:
 CPUs: 8 total, 8 available
 Memory: 7926M
 Large Page Support: Disabled
 NUMA Support: Disabled
 Compressed Oops: Enabled (32-bit)
 Heap Region Size: 1M
 Heap Min Capacity: 8M
 Heap Initial Capacity: 124M
 Heap Max Capacity: 2G
 Pre-touch: Disabled
 Parallel Workers: 8
 Concurrent Workers: 2
 Concurrent Refinement Workers: 8
 Periodic GC: Disabled

Heap:
 garbage-first heap   total 572416K, used 244736K [0x0000000080000000, 0x0000000100000000)
  region size 1024K, 4 young (4096K), 4 survivors (4096K)
 Metaspace       used 151896K, committed 153280K, reserved 1187840K
  class space    used 20463K, committed 21120K, reserved 1048576K

Heap Regions: E=young(eden), S=young(survivor), O=old, HS=humongous(starts), HC=humongous(continues), CS=collection set, F=free, OA=open archive, CA=closed archive, TAMS=top-at-mark-start (previous, next)
|   0|0x0000000080000000, 0x0000000080100000, 0x0000000080100000|100%|HS|  |TAMS 0x0000000080100000, 0x0000000080000000| Complete 
|   1|0x0000000080100000, 0x0000000080200000, 0x0000000080200000|100%|HC|  |TAMS 0x0000000080200000, 0x0000000080100000| Complete 
|   2|0x0000000080200000, 0x0000000080300000, 0x0000000080300000|100%|HC|  |TAMS 0x0000000080300000, 0x0000000080200000| Complete 
|   3|0x0000000080300000, 0x0000000080400000, 0x0000000080400000|100%| O|  |TAMS 0x0000000080400000, 0x0000000080300000| Untracked 
|   4|0x0000000080400000, 0x0000000080500000, 0x0000000080500000|100%| O|  |TAMS 0x0000000080500000, 0x0000000080400000| Untracked 
|   5|0x0000000080500000, 0x0000000080600000, 0x0000000080600000|100%| O|  |TAMS 0x0000000080600000, 0x0000000080500000| Untracked 
|   6|0x0000000080600000, 0x0000000080700000, 0x0000000080700000|100%|HS|  |TAMS 0x0000000080700000, 0x0000000080600000| Complete 
|   7|0x0000000080700000, 0x0000000080800000, 0x0000000080800000|100%| O|  |TAMS 0x0000000080800000, 0x0000000080700000| Untracked 
|   8|0x0000000080800000, 0x0000000080900000, 0x0000000080900000|100%| O|  |TAMS 0x0000000080900000, 0x0000000080800000| Untracked 
|   9|0x0000000080900000, 0x0000000080a00000, 0x0000000080a00000|100%| O|  |TAMS 0x0000000080a00000, 0x0000000080900000| Untracked 
|  10|0x0000000080a00000, 0x0000000080b00000, 0x0000000080b00000|100%| O|  |TAMS 0x0000000080b00000, 0x0000000080a00000| Untracked 
|  11|0x0000000080b00000, 0x0000000080c00000, 0x0000000080c00000|100%| O|  |TAMS 0x0000000080c00000, 0x0000000080b00000| Untracked 
|  12|0x0000000080c00000, 0x0000000080c00000, 0x0000000080d00000|  0%| F|  |TAMS 0x0000000080c00000, 0x0000000080c00000| Untracked 
|  13|0x0000000080d00000, 0x0000000080e00000, 0x0000000080e00000|100%| O|  |TAMS 0x0000000080e00000, 0x0000000080d00000| Untracked 
|  14|0x0000000080e00000, 0x0000000080f00000, 0x0000000080f00000|100%| O|  |TAMS 0x0000000080f00000, 0x0000000080e00000| Untracked 
|  15|0x0000000080f00000, 0x0000000081000000, 0x0000000081000000|100%| O|  |TAMS 0x0000000081000000, 0x0000000080f00000| Untracked 
|  16|0x0000000081000000, 0x0000000081100000, 0x0000000081100000|100%| O|  |TAMS 0x0000000081100000, 0x0000000081000000| Untracked 
|  17|0x0000000081100000, 0x0000000081200000, 0x0000000081200000|100%| O|  |TAMS 0x0000000081200000, 0x0000000081100000| Untracked 
|  18|0x0000000081200000, 0x0000000081300000, 0x0000000081300000|100%| O|  |TAMS 0x0000000081300000, 0x0000000081200000| Untracked 
|  19|0x0000000081300000, 0x0000000081400000, 0x0000000081400000|100%| O|  |TAMS 0x0000000081400000, 0x0000000081300000| Untracked 
|  20|0x0000000081400000, 0x0000000081500000, 0x0000000081500000|100%| O|  |TAMS 0x0000000081500000, 0x0000000081400000| Untracked 
|  21|0x0000000081500000, 0x0000000081600000, 0x0000000081600000|100%| O|  |TAMS 0x0000000081600000, 0x0000000081500000| Untracked 
|  22|0x0000000081600000, 0x0000000081700000, 0x0000000081700000|100%| O|  |TAMS 0x0000000081700000, 0x0000000081600000| Untracked 
|  23|0x0000000081700000, 0x0000000081800000, 0x0000000081800000|100%| O|  |TAMS 0x0000000081800000, 0x0000000081700000| Untracked 
|  24|0x0000000081800000, 0x0000000081900000, 0x0000000081900000|100%| O|  |TAMS 0x0000000081900000, 0x0000000081800000| Untracked 
|  25|0x0000000081900000, 0x0000000081a00000, 0x0000000081a00000|100%| O|  |TAMS 0x0000000081a00000, 0x0000000081900000| Untracked 
|  26|0x0000000081a00000, 0x0000000081b00000, 0x0000000081b00000|100%| O|  |TAMS 0x0000000081b00000, 0x0000000081a00000| Untracked 
|  27|0x0000000081b00000, 0x0000000081c00000, 0x0000000081c00000|100%| O|  |TAMS 0x0000000081c00000, 0x0000000081b00000| Untracked 
|  28|0x0000000081c00000, 0x0000000081d00000, 0x0000000081d00000|100%| O|  |TAMS 0x0000000081d00000, 0x0000000081c00000| Untracked 
|  29|0x0000000081d00000, 0x0000000081e00000, 0x0000000081e00000|100%| O|  |TAMS 0x0000000081e00000, 0x0000000081d00000| Untracked 
|  30|0x0000000081e00000, 0x0000000081f00000, 0x0000000081f00000|100%| O|  |TAMS 0x0000000081f00000, 0x0000000081e00000| Untracked 
|  31|0x0000000081f00000, 0x0000000082000000, 0x0000000082000000|100%| O|  |TAMS 0x0000000082000000, 0x0000000081f00000| Untracked 
|  32|0x0000000082000000, 0x0000000082100000, 0x0000000082100000|100%| O|  |TAMS 0x0000000082100000, 0x0000000082000000| Untracked 
|  33|0x0000000082100000, 0x0000000082200000, 0x0000000082200000|100%| O|  |TAMS 0x0000000082200000, 0x0000000082100000| Untracked 
|  34|0x0000000082200000, 0x0000000082300000, 0x0000000082300000|100%| O|  |TAMS 0x0000000082300000, 0x0000000082200000| Untracked 
|  35|0x0000000082300000, 0x0000000082400000, 0x0000000082400000|100%| O|  |TAMS 0x0000000082400000, 0x0000000082300000| Untracked 
|  36|0x0000000082400000, 0x0000000082500000, 0x0000000082500000|100%| O|  |TAMS 0x0000000082500000, 0x0000000082400000| Untracked 
|  37|0x0000000082500000, 0x0000000082600000, 0x0000000082600000|100%| O|  |TAMS 0x0000000082600000, 0x0000000082500000| Untracked 
|  38|0x0000000082600000, 0x0000000082700000, 0x0000000082700000|100%| O|  |TAMS 0x0000000082700000, 0x0000000082600000| Untracked 
|  39|0x0000000082700000, 0x0000000082800000, 0x0000000082800000|100%| O|  |TAMS 0x0000000082800000, 0x0000000082700000| Untracked 
|  40|0x0000000082800000, 0x0000000082800000, 0x0000000082900000|  0%| F|  |TAMS 0x0000000082800000, 0x0000000082800000| Untracked 
|  41|0x0000000082900000, 0x0000000082a00000, 0x0000000082a00000|100%| O|  |TAMS 0x0000000082a00000, 0x0000000082900000| Untracked 
|  42|0x0000000082a00000, 0x0000000082b00000, 0x0000000082b00000|100%| O|  |TAMS 0x0000000082b00000, 0x0000000082a00000| Untracked 
|  43|0x0000000082b00000, 0x0000000082c00000, 0x0000000082c00000|100%| O|  |TAMS 0x0000000082c00000, 0x0000000082b00000| Untracked 
|  44|0x0000000082c00000, 0x0000000082d00000, 0x0000000082d00000|100%| O|  |TAMS 0x0000000082d00000, 0x0000000082c00000| Untracked 
|  45|0x0000000082d00000, 0x0000000082e00000, 0x0000000082e00000|100%| O|  |TAMS 0x0000000082e00000, 0x0000000082d00000| Untracked 
|  46|0x0000000082e00000, 0x0000000082f00000, 0x0000000082f00000|100%|HS|  |TAMS 0x0000000082f00000, 0x0000000082e00000| Complete 
|  47|0x0000000082f00000, 0x0000000083000000, 0x0000000083000000|100%|HS|  |TAMS 0x0000000083000000, 0x0000000082f00000| Complete 
|  48|0x0000000083000000, 0x0000000083100000, 0x0000000083100000|100%|HS|  |TAMS 0x0000000083100000, 0x0000000083000000| Complete 
|  49|0x0000000083100000, 0x0000000083200000, 0x0000000083200000|100%|HC|  |TAMS 0x0000000083200000, 0x0000000083100000| Complete 
|  50|0x0000000083200000, 0x0000000083300000, 0x0000000083300000|100%|HS|  |TAMS 0x0000000083300000, 0x0000000083200000| Complete 
|  51|0x0000000083300000, 0x0000000083400000, 0x0000000083400000|100%|HC|  |TAMS 0x0000000083400000, 0x0000000083300000| Complete 
|  52|0x0000000083400000, 0x0000000083500000, 0x0000000083500000|100%|HS|  |TAMS 0x0000000083500000, 0x0000000083400000| Complete 
|  53|0x0000000083500000, 0x0000000083600000, 0x0000000083600000|100%|HS|  |TAMS 0x0000000083600000, 0x0000000083500000| Complete 
|  54|0x0000000083600000, 0x0000000083700000, 0x0000000083700000|100%|HC|  |TAMS 0x0000000083700000, 0x0000000083600000| Complete 
|  55|0x0000000083700000, 0x0000000083800000, 0x0000000083800000|100%|HC|  |TAMS 0x0000000083800000, 0x0000000083700000| Complete 
|  56|0x0000000083800000, 0x0000000083900000, 0x0000000083900000|100%|HS|  |TAMS 0x0000000083900000, 0x0000000083800000| Complete 
|  57|0x0000000083900000, 0x0000000083a00000, 0x0000000083a00000|100%|HS|  |TAMS 0x0000000083a00000, 0x0000000083900000| Complete 
|  58|0x0000000083a00000, 0x0000000083b00000, 0x0000000083b00000|100%| O|  |TAMS 0x0000000083b00000, 0x0000000083a00000| Untracked 
|  59|0x0000000083b00000, 0x0000000083c00000, 0x0000000083c00000|100%| O|  |TAMS 0x0000000083c00000, 0x0000000083b00000| Untracked 
|  60|0x0000000083c00000, 0x0000000083c00000, 0x0000000083d00000|  0%| F|  |TAMS 0x0000000083c00000, 0x0000000083c00000| Untracked 
|  61|0x0000000083d00000, 0x0000000083e00000, 0x0000000083e00000|100%| O|  |TAMS 0x0000000083e00000, 0x0000000083d00000| Untracked 
|  62|0x0000000083e00000, 0x0000000083f00000, 0x0000000083f00000|100%| O|  |TAMS 0x0000000083f00000, 0x0000000083e00000| Untracked 
|  63|0x0000000083f00000, 0x0000000084000000, 0x0000000084000000|100%|HS|  |TAMS 0x0000000084000000, 0x0000000083f00000| Complete 
|  64|0x0000000084000000, 0x0000000084100000, 0x0000000084100000|100%| O|  |TAMS 0x0000000084100000, 0x0000000084000000| Untracked 
|  65|0x0000000084100000, 0x0000000084200000, 0x0000000084200000|100%| O|  |TAMS 0x0000000084200000, 0x0000000084100000| Untracked 
|  66|0x0000000084200000, 0x0000000084300000, 0x0000000084300000|100%| O|  |TAMS 0x0000000084300000, 0x0000000084200000| Untracked 
|  67|0x0000000084300000, 0x0000000084400000, 0x0000000084400000|100%| O|  |TAMS 0x0000000084400000, 0x0000000084300000| Untracked 
|  68|0x0000000084400000, 0x0000000084500000, 0x0000000084500000|100%| O|  |TAMS 0x0000000084500000, 0x0000000084400000| Untracked 
|  69|0x0000000084500000, 0x0000000084600000, 0x0000000084600000|100%| O|  |TAMS 0x0000000084600000, 0x0000000084500000| Untracked 
|  70|0x0000000084600000, 0x0000000084700000, 0x0000000084700000|100%| O|  |TAMS 0x0000000084600000, 0x0000000084600000| Untracked 
|  71|0x0000000084700000, 0x0000000084800000, 0x0000000084800000|100%| O|  |TAMS 0x0000000084800000, 0x0000000084700000| Untracked 
|  72|0x0000000084800000, 0x0000000084900000, 0x0000000084900000|100%| O|  |TAMS 0x0000000084900000, 0x0000000084800000| Untracked 
|  73|0x0000000084900000, 0x0000000084900000, 0x0000000084a00000|  0%| F|  |TAMS 0x0000000084900000, 0x0000000084900000| Untracked 
|  74|0x0000000084a00000, 0x0000000084b00000, 0x0000000084b00000|100%| O|  |TAMS 0x0000000084a00000, 0x0000000084a00000| Untracked 
|  75|0x0000000084b00000, 0x0000000084c00000, 0x0000000084c00000|100%| O|  |TAMS 0x0000000084c00000, 0x0000000084b00000| Untracked 
|  76|0x0000000084c00000, 0x0000000084d00000, 0x0000000084d00000|100%| O|  |TAMS 0x0000000084d00000, 0x0000000084c00000| Untracked 
|  77|0x0000000084d00000, 0x0000000084e00000, 0x0000000084e00000|100%|HS|  |TAMS 0x0000000084e00000, 0x0000000084d00000| Complete 
|  78|0x0000000084e00000, 0x0000000084f00000, 0x0000000084f00000|100%| O|  |TAMS 0x0000000084e00000, 0x0000000084e00000| Untracked 
|  79|0x0000000084f00000, 0x0000000085000000, 0x0000000085000000|100%| O|  |TAMS 0x0000000085000000, 0x0000000084f00000| Untracked 
|  80|0x0000000085000000, 0x0000000085100000, 0x0000000085100000|100%|HS|  |TAMS 0x0000000085000000, 0x0000000085000000| Complete 
|  81|0x0000000085100000, 0x0000000085200000, 0x0000000085200000|100%|HC|  |TAMS 0x0000000085100000, 0x0000000085100000| Complete 
|  82|0x0000000085200000, 0x0000000085300000, 0x0000000085300000|100%| O|  |TAMS 0x0000000085300000, 0x0000000085200000| Untracked 
|  83|0x0000000085300000, 0x0000000085400000, 0x0000000085400000|100%|HS|  |TAMS 0x0000000085400000, 0x0000000085300000| Complete 
|  84|0x0000000085400000, 0x0000000085500000, 0x0000000085500000|100%|HC|  |TAMS 0x0000000085500000, 0x0000000085400000| Complete 
|  85|0x0000000085500000, 0x0000000085600000, 0x0000000085600000|100%|HC|  |TAMS 0x0000000085600000, 0x0000000085500000| Complete 
|  86|0x0000000085600000, 0x0000000085700000, 0x0000000085700000|100%| O|  |TAMS 0x0000000085700000, 0x0000000085600000| Untracked 
|  87|0x0000000085700000, 0x0000000085800000, 0x0000000085800000|100%| O|  |TAMS 0x0000000085800000, 0x0000000085700000| Untracked 
|  88|0x0000000085800000, 0x0000000085900000, 0x0000000085900000|100%| O|  |TAMS 0x0000000085800000, 0x0000000085800000| Untracked 
|  89|0x0000000085900000, 0x0000000085a00000, 0x0000000085a00000|100%| O|  |TAMS 0x0000000085a00000, 0x0000000085900000| Untracked 
|  90|0x0000000085a00000, 0x0000000085b00000, 0x0000000085b00000|100%| O|  |TAMS 0x0000000085b00000, 0x0000000085a00000| Untracked 
|  91|0x0000000085b00000, 0x0000000085c00000, 0x0000000085c00000|100%| O|  |TAMS 0x0000000085c00000, 0x0000000085b00000| Untracked 
|  92|0x0000000085c00000, 0x0000000085d00000, 0x0000000085d00000|100%| O|  |TAMS 0x0000000085d00000, 0x0000000085c00000| Untracked 
|  93|0x0000000085d00000, 0x0000000085e00000, 0x0000000085e00000|100%| O|  |TAMS 0x0000000085e00000, 0x0000000085d00000| Untracked 
|  94|0x0000000085e00000, 0x0000000085f00000, 0x0000000085f00000|100%|HS|  |TAMS 0x0000000085e00000, 0x0000000085e00000| Complete 
|  95|0x0000000085f00000, 0x0000000086000000, 0x0000000086000000|100%|HC|  |TAMS 0x0000000085f00000, 0x0000000085f00000| Complete 
|  96|0x0000000086000000, 0x0000000086100000, 0x0000000086100000|100%| O|  |TAMS 0x0000000086100000, 0x0000000086000000| Untracked 
|  97|0x0000000086100000, 0x0000000086200000, 0x0000000086200000|100%| O|  |TAMS 0x0000000086200000, 0x0000000086100000| Untracked 
|  98|0x0000000086200000, 0x0000000086300000, 0x0000000086300000|100%| O|  |TAMS 0x0000000086300000, 0x0000000086200000| Untracked 
|  99|0x0000000086300000, 0x0000000086400000, 0x0000000086400000|100%| O|  |TAMS 0x0000000086400000, 0x0000000086300000| Untracked 
| 100|0x0000000086400000, 0x0000000086500000, 0x0000000086500000|100%| O|  |TAMS 0x0000000086500000, 0x0000000086400000| Untracked 
| 101|0x0000000086500000, 0x0000000086600000, 0x0000000086600000|100%| O|  |TAMS 0x0000000086600000, 0x0000000086500000| Untracked 
| 102|0x0000000086600000, 0x0000000086700000, 0x0000000086700000|100%| O|  |TAMS 0x0000000086700000, 0x0000000086600000| Untracked 
| 103|0x0000000086700000, 0x0000000086800000, 0x0000000086800000|100%| O|  |TAMS 0x0000000086700000, 0x0000000086700000| Untracked 
| 104|0x0000000086800000, 0x0000000086900000, 0x0000000086900000|100%| O|  |TAMS 0x0000000086800000, 0x0000000086800000| Untracked 
| 105|0x0000000086900000, 0x0000000086a00000, 0x0000000086a00000|100%| O|  |TAMS 0x0000000086900000, 0x0000000086900000| Untracked 
| 106|0x0000000086a00000, 0x0000000086b00000, 0x0000000086b00000|100%| O|  |TAMS 0x0000000086a00000, 0x0000000086a00000| Untracked 
| 107|0x0000000086b00000, 0x0000000086c00000, 0x0000000086c00000|100%| O|  |TAMS 0x0000000086c00000, 0x0000000086b00000| Untracked 
| 108|0x0000000086c00000, 0x0000000086d00000, 0x0000000086d00000|100%| O|  |TAMS 0x0000000086d00000, 0x0000000086c00000| Untracked 
| 109|0x0000000086d00000, 0x0000000086e00000, 0x0000000086e00000|100%| O|  |TAMS 0x0000000086d00000, 0x0000000086d00000| Untracked 
| 110|0x0000000086e00000, 0x0000000086e00000, 0x0000000086f00000|  0%| F|  |TAMS 0x0000000086e00000, 0x0000000086e00000| Untracked 
| 111|0x0000000086f00000, 0x0000000087000000, 0x0000000087000000|100%| O|  |TAMS 0x0000000087000000, 0x0000000086f00000| Untracked 
| 112|0x0000000087000000, 0x0000000087000000, 0x0000000087100000|  0%| F|  |TAMS 0x0000000087000000, 0x0000000087000000| Untracked 
| 113|0x0000000087100000, 0x0000000087100000, 0x0000000087200000|  0%| F|  |TAMS 0x0000000087100000, 0x0000000087100000| Untracked 
| 114|0x0000000087200000, 0x0000000087300000, 0x0000000087300000|100%| O|  |TAMS 0x0000000087300000, 0x0000000087200000| Untracked 
| 115|0x0000000087300000, 0x0000000087400000, 0x0000000087400000|100%| O|  |TAMS 0x0000000087400000, 0x0000000087300000| Untracked 
| 116|0x0000000087400000, 0x0000000087500000, 0x0000000087500000|100%| O|  |TAMS 0x0000000087500000, 0x0000000087400000| Untracked 
| 117|0x0000000087500000, 0x0000000087600000, 0x0000000087600000|100%| O|  |TAMS 0x0000000087600000, 0x0000000087500000| Untracked 
| 118|0x0000000087600000, 0x0000000087700000, 0x0000000087700000|100%| O|  |TAMS 0x0000000087700000, 0x0000000087600000| Untracked 
| 119|0x0000000087700000, 0x0000000087700000, 0x0000000087800000|  0%| F|  |TAMS 0x0000000087700000, 0x0000000087700000| Untracked 
| 120|0x0000000087800000, 0x0000000087800000, 0x0000000087900000|  0%| F|  |TAMS 0x0000000087800000, 0x0000000087800000| Untracked 
| 121|0x0000000087900000, 0x0000000087900000, 0x0000000087a00000|  0%| F|  |TAMS 0x0000000087900000, 0x0000000087900000| Untracked 
| 122|0x0000000087a00000, 0x0000000087a00000, 0x0000000087b00000|  0%| F|  |TAMS 0x0000000087a00000, 0x0000000087a00000| Untracked 
| 123|0x0000000087b00000, 0x0000000087b00000, 0x0000000087c00000|  0%| F|  |TAMS 0x0000000087b00000, 0x0000000087b00000| Untracked 
| 124|0x0000000087c00000, 0x0000000087d00000, 0x0000000087d00000|100%| O|  |TAMS 0x0000000087c00000, 0x0000000087c00000| Untracked 
| 125|0x0000000087d00000, 0x0000000087e00000, 0x0000000087e00000|100%| O|  |TAMS 0x0000000087e00000, 0x0000000087d00000| Untracked 
| 126|0x0000000087e00000, 0x0000000087e00000, 0x0000000087f00000|  0%| F|  |TAMS 0x0000000087e00000, 0x0000000087e00000| Untracked 
| 127|0x0000000087f00000, 0x0000000088000000, 0x0000000088000000|100%| O|  |TAMS 0x0000000088000000, 0x0000000087f00000| Untracked 
| 128|0x0000000088000000, 0x0000000088100000, 0x0000000088100000|100%| O|  |TAMS 0x0000000088100000, 0x0000000088000000| Untracked 
| 129|0x0000000088100000, 0x0000000088200000, 0x0000000088200000|100%| O|  |TAMS 0x0000000088200000, 0x0000000088100000| Untracked 
| 130|0x0000000088200000, 0x0000000088200000, 0x0000000088300000|  0%| F|  |TAMS 0x0000000088200000, 0x0000000088200000| Untracked 
| 131|0x0000000088300000, 0x0000000088400000, 0x0000000088400000|100%| O|  |TAMS 0x0000000088400000, 0x0000000088300000| Untracked 
| 132|0x0000000088400000, 0x0000000088500000, 0x0000000088500000|100%| O|  |TAMS 0x0000000088500000, 0x0000000088400000| Untracked 
| 133|0x0000000088500000, 0x0000000088600000, 0x0000000088600000|100%|HS|  |TAMS 0x0000000088600000, 0x0000000088500000| Complete 
| 134|0x0000000088600000, 0x0000000088700000, 0x0000000088700000|100%| O|  |TAMS 0x0000000088700000, 0x0000000088600000| Untracked 
| 135|0x0000000088700000, 0x0000000088800000, 0x0000000088800000|100%| O|  |TAMS 0x0000000088800000, 0x0000000088700000| Untracked 
| 136|0x0000000088800000, 0x0000000088900000, 0x0000000088900000|100%| O|  |TAMS 0x0000000088900000, 0x0000000088800000| Untracked 
| 137|0x0000000088900000, 0x0000000088900000, 0x0000000088a00000|  0%| F|  |TAMS 0x0000000088900000, 0x0000000088900000| Untracked 
| 138|0x0000000088a00000, 0x0000000088b00000, 0x0000000088b00000|100%| O|  |TAMS 0x0000000088b00000, 0x0000000088a00000| Untracked 
| 139|0x0000000088b00000, 0x0000000088b00000, 0x0000000088c00000|  0%| F|  |TAMS 0x0000000088b00000, 0x0000000088b00000| Untracked 
| 140|0x0000000088c00000, 0x0000000088d00000, 0x0000000088d00000|100%| O|  |TAMS 0x0000000088d00000, 0x0000000088c00000| Untracked 
| 141|0x0000000088d00000, 0x0000000088e00000, 0x0000000088e00000|100%| O|  |TAMS 0x0000000088e00000, 0x0000000088d00000| Untracked 
| 142|0x0000000088e00000, 0x0000000088f00000, 0x0000000088f00000|100%| O|  |TAMS 0x0000000088f00000, 0x0000000088e00000| Untracked 
| 143|0x0000000088f00000, 0x0000000089000000, 0x0000000089000000|100%| O|  |TAMS 0x0000000089000000, 0x0000000088f00000| Untracked 
| 144|0x0000000089000000, 0x0000000089100000, 0x0000000089100000|100%| O|  |TAMS 0x0000000089100000, 0x0000000089000000| Untracked 
| 145|0x0000000089100000, 0x0000000089200000, 0x0000000089200000|100%| O|  |TAMS 0x0000000089200000, 0x0000000089100000| Untracked 
| 146|0x0000000089200000, 0x0000000089300000, 0x0000000089300000|100%| O|  |TAMS 0x0000000089300000, 0x0000000089200000| Untracked 
| 147|0x0000000089300000, 0x0000000089300000, 0x0000000089400000|  0%| F|  |TAMS 0x0000000089300000, 0x0000000089300000| Untracked 
| 148|0x0000000089400000, 0x0000000089500000, 0x0000000089500000|100%| O|  |TAMS 0x0000000089400000, 0x0000000089400000| Untracked 
| 149|0x0000000089500000, 0x0000000089600000, 0x0000000089600000|100%| O|  |TAMS 0x0000000089600000, 0x0000000089500000| Untracked 
| 150|0x0000000089600000, 0x0000000089700000, 0x0000000089700000|100%| O|  |TAMS 0x0000000089700000, 0x0000000089600000| Untracked 
| 151|0x0000000089700000, 0x0000000089800000, 0x0000000089800000|100%| O|  |TAMS 0x0000000089800000, 0x0000000089700000| Untracked 
| 152|0x0000000089800000, 0x0000000089900000, 0x0000000089900000|100%| O|  |TAMS 0x0000000089900000, 0x0000000089800000| Untracked 
| 153|0x0000000089900000, 0x0000000089a00000, 0x0000000089a00000|100%| O|  |TAMS 0x0000000089a00000, 0x0000000089900000| Untracked 
| 154|0x0000000089a00000, 0x0000000089b00000, 0x0000000089b00000|100%| O|  |TAMS 0x0000000089a00000, 0x0000000089a00000| Untracked 
| 155|0x0000000089b00000, 0x0000000089b00000, 0x0000000089c00000|  0%| F|  |TAMS 0x0000000089b00000, 0x0000000089b00000| Untracked 
| 156|0x0000000089c00000, 0x0000000089d00000, 0x0000000089d00000|100%| O|  |TAMS 0x0000000089d00000, 0x0000000089c00000| Untracked 
| 157|0x0000000089d00000, 0x0000000089e00000, 0x0000000089e00000|100%| O|  |TAMS 0x0000000089e00000, 0x0000000089d00000| Untracked 
| 158|0x0000000089e00000, 0x0000000089f00000, 0x0000000089f00000|100%| O|  |TAMS 0x0000000089f00000, 0x0000000089e00000| Untracked 
| 159|0x0000000089f00000, 0x000000008a000000, 0x000000008a000000|100%| O|  |TAMS 0x000000008a000000, 0x0000000089f00000| Untracked 
| 160|0x000000008a000000, 0x000000008a100000, 0x000000008a100000|100%| O|  |TAMS 0x000000008a100000, 0x000000008a000000| Untracked 
| 161|0x000000008a100000, 0x000000008a200000, 0x000000008a200000|100%| O|  |TAMS 0x000000008a200000, 0x000000008a100000| Untracked 
| 162|0x000000008a200000, 0x000000008a300000, 0x000000008a300000|100%| O|  |TAMS 0x000000008a300000, 0x000000008a200000| Untracked 
| 163|0x000000008a300000, 0x000000008a400000, 0x000000008a400000|100%| O|  |TAMS 0x000000008a400000, 0x000000008a300000| Untracked 
| 164|0x000000008a400000, 0x000000008a500000, 0x000000008a500000|100%| O|  |TAMS 0x000000008a500000, 0x000000008a400000| Untracked 
| 165|0x000000008a500000, 0x000000008a600000, 0x000000008a600000|100%| O|  |TAMS 0x000000008a600000, 0x000000008a500000| Untracked 
| 166|0x000000008a600000, 0x000000008a700000, 0x000000008a700000|100%| O|  |TAMS 0x000000008a700000, 0x000000008a600000| Untracked 
| 167|0x000000008a700000, 0x000000008a800000, 0x000000008a800000|100%| O|  |TAMS 0x000000008a800000, 0x000000008a700000| Untracked 
| 168|0x000000008a800000, 0x000000008a800000, 0x000000008a900000|  0%| F|  |TAMS 0x000000008a800000, 0x000000008a800000| Untracked 
| 169|0x000000008a900000, 0x000000008aa00000, 0x000000008aa00000|100%| O|  |TAMS 0x000000008aa00000, 0x000000008a900000| Untracked 
| 170|0x000000008aa00000, 0x000000008aa00000, 0x000000008ab00000|  0%| F|  |TAMS 0x000000008aa00000, 0x000000008aa00000| Untracked 
| 171|0x000000008ab00000, 0x000000008ab00000, 0x000000008ac00000|  0%| F|  |TAMS 0x000000008ab00000, 0x000000008ab00000| Untracked 
| 172|0x000000008ac00000, 0x000000008ad00000, 0x000000008ad00000|100%| O|  |TAMS 0x000000008ad00000, 0x000000008ac00000| Untracked 
| 173|0x000000008ad00000, 0x000000008ae00000, 0x000000008ae00000|100%| O|  |TAMS 0x000000008ae00000, 0x000000008ad00000| Untracked 
| 174|0x000000008ae00000, 0x000000008ae00000, 0x000000008af00000|  0%| F|  |TAMS 0x000000008ae00000, 0x000000008ae00000| Untracked 
| 175|0x000000008af00000, 0x000000008b000000, 0x000000008b000000|100%| O|  |TAMS 0x000000008b000000, 0x000000008af00000| Untracked 
| 176|0x000000008b000000, 0x000000008b100000, 0x000000008b100000|100%| O|  |TAMS 0x000000008b000000, 0x000000008b000000| Untracked 
| 177|0x000000008b100000, 0x000000008b200000, 0x000000008b200000|100%| O|  |TAMS 0x000000008b200000, 0x000000008b100000| Untracked 
| 178|0x000000008b200000, 0x000000008b300000, 0x000000008b300000|100%| O|  |TAMS 0x000000008b200000, 0x000000008b200000| Untracked 
| 179|0x000000008b300000, 0x000000008b300000, 0x000000008b400000|  0%| F|  |TAMS 0x000000008b300000, 0x000000008b300000| Untracked 
| 180|0x000000008b400000, 0x000000008b400000, 0x000000008b500000|  0%| F|  |TAMS 0x000000008b400000, 0x000000008b400000| Untracked 
| 181|0x000000008b500000, 0x000000008b600000, 0x000000008b600000|100%| O|  |TAMS 0x000000008b500000, 0x000000008b500000| Untracked 
| 182|0x000000008b600000, 0x000000008b700000, 0x000000008b700000|100%| O|  |TAMS 0x000000008b700000, 0x000000008b600000| Untracked 
| 183|0x000000008b700000, 0x000000008b700000, 0x000000008b800000|  0%| F|  |TAMS 0x000000008b700000, 0x000000008b700000| Untracked 
| 184|0x000000008b800000, 0x000000008b900000, 0x000000008b900000|100%| O|  |TAMS 0x000000008b800000, 0x000000008b800000| Untracked 
| 185|0x000000008b900000, 0x000000008ba00000, 0x000000008ba00000|100%| O|  |TAMS 0x000000008b900000, 0x000000008b900000| Untracked 
| 186|0x000000008ba00000, 0x000000008bb00000, 0x000000008bb00000|100%| O|  |TAMS 0x000000008bb00000, 0x000000008ba00000| Untracked 
| 187|0x000000008bb00000, 0x000000008bc00000, 0x000000008bc00000|100%| O|  |TAMS 0x000000008bc00000, 0x000000008bb00000| Untracked 
| 188|0x000000008bc00000, 0x000000008bd00000, 0x000000008bd00000|100%| O|  |TAMS 0x000000008bd00000, 0x000000008bc00000| Untracked 
| 189|0x000000008bd00000, 0x000000008be00000, 0x000000008be00000|100%| O|  |TAMS 0x000000008be00000, 0x000000008bd00000| Untracked 
| 190|0x000000008be00000, 0x000000008bf00000, 0x000000008bf00000|100%| O|  |TAMS 0x000000008bf00000, 0x000000008be00000| Untracked 
| 191|0x000000008bf00000, 0x000000008c000000, 0x000000008c000000|100%| O|  |TAMS 0x000000008bf00000, 0x000000008bf00000| Untracked 
| 192|0x000000008c000000, 0x000000008c000000, 0x000000008c100000|  0%| F|  |TAMS 0x000000008c000000, 0x000000008c000000| Untracked 
| 193|0x000000008c100000, 0x000000008c200000, 0x000000008c200000|100%| O|  |TAMS 0x000000008c200000, 0x000000008c100000| Untracked 
| 194|0x000000008c200000, 0x000000008c300000, 0x000000008c300000|100%| O|  |TAMS 0x000000008c300000, 0x000000008c200000| Untracked 
| 195|0x000000008c300000, 0x000000008c400000, 0x000000008c400000|100%| O|  |TAMS 0x000000008c300000, 0x000000008c300000| Untracked 
| 196|0x000000008c400000, 0x000000008c500000, 0x000000008c500000|100%| O|  |TAMS 0x000000008c400000, 0x000000008c400000| Untracked 
| 197|0x000000008c500000, 0x000000008c600000, 0x000000008c600000|100%| O|  |TAMS 0x000000008c500000, 0x000000008c500000| Untracked 
| 198|0x000000008c600000, 0x000000008c700000, 0x000000008c700000|100%| O|  |TAMS 0x000000008c600000, 0x000000008c600000| Untracked 
| 199|0x000000008c700000, 0x000000008c800000, 0x000000008c800000|100%| O|  |TAMS 0x000000008c700000, 0x000000008c700000| Untracked 
| 200|0x000000008c800000, 0x000000008c900000, 0x000000008c900000|100%| O|  |TAMS 0x000000008c800000, 0x000000008c800000| Untracked 
| 201|0x000000008c900000, 0x000000008ca00000, 0x000000008ca00000|100%| O|  |TAMS 0x000000008ca00000, 0x000000008c900000| Untracked 
| 202|0x000000008ca00000, 0x000000008cb00000, 0x000000008cb00000|100%| O|  |TAMS 0x000000008ca00000, 0x000000008ca00000| Untracked 
| 203|0x000000008cb00000, 0x000000008cc00000, 0x000000008cc00000|100%| O|  |TAMS 0x000000008cc00000, 0x000000008cb00000| Untracked 
| 204|0x000000008cc00000, 0x000000008cd00000, 0x000000008cd00000|100%| O|  |TAMS 0x000000008cc00000, 0x000000008cc00000| Untracked 
| 205|0x000000008cd00000, 0x000000008ce00000, 0x000000008ce00000|100%| O|  |TAMS 0x000000008ce00000, 0x000000008cd00000| Untracked 
| 206|0x000000008ce00000, 0x000000008cf00000, 0x000000008cf00000|100%| O|  |TAMS 0x000000008ce00000, 0x000000008ce00000| Untracked 
| 207|0x000000008cf00000, 0x000000008d000000, 0x000000008d000000|100%| O|  |TAMS 0x000000008cf00000, 0x000000008cf00000| Untracked 
| 208|0x000000008d000000, 0x000000008d100000, 0x000000008d100000|100%| O|  |TAMS 0x000000008d000000, 0x000000008d000000| Untracked 
| 209|0x000000008d100000, 0x000000008d200000, 0x000000008d200000|100%| O|  |TAMS 0x000000008d100000, 0x000000008d100000| Untracked 
| 210|0x000000008d200000, 0x000000008d300000, 0x000000008d300000|100%|HS|  |TAMS 0x000000008d200000, 0x000000008d200000| Complete 
| 211|0x000000008d300000, 0x000000008d400000, 0x000000008d400000|100%|HC|  |TAMS 0x000000008d300000, 0x000000008d300000| Complete 
| 212|0x000000008d400000, 0x000000008d500000, 0x000000008d500000|100%|HS|  |TAMS 0x000000008d400000, 0x000000008d400000| Complete 
| 213|0x000000008d500000, 0x000000008d600000, 0x000000008d600000|100%|HC|  |TAMS 0x000000008d500000, 0x000000008d500000| Complete 
| 214|0x000000008d600000, 0x000000008d600000, 0x000000008d700000|  0%| F|  |TAMS 0x000000008d600000, 0x000000008d600000| Untracked 
| 215|0x000000008d700000, 0x000000008d800000, 0x000000008d800000|100%| O|  |TAMS 0x000000008d700000, 0x000000008d700000| Untracked 
| 216|0x000000008d800000, 0x000000008d800000, 0x000000008d900000|  0%| F|  |TAMS 0x000000008d800000, 0x000000008d800000| Untracked 
| 217|0x000000008d900000, 0x000000008d900000, 0x000000008da00000|  0%| F|  |TAMS 0x000000008d900000, 0x000000008d900000| Untracked 
| 218|0x000000008da00000, 0x000000008db00000, 0x000000008db00000|100%| O|  |TAMS 0x000000008da00000, 0x000000008da00000| Untracked 
| 219|0x000000008db00000, 0x000000008dc00000, 0x000000008dc00000|100%| O|  |TAMS 0x000000008dc00000, 0x000000008db00000| Untracked 
| 220|0x000000008dc00000, 0x000000008dc00000, 0x000000008dd00000|  0%| F|  |TAMS 0x000000008dc00000, 0x000000008dc00000| Untracked 
| 221|0x000000008dd00000, 0x000000008de00000, 0x000000008de00000|100%| O|  |TAMS 0x000000008de00000, 0x000000008dd00000| Untracked 
| 222|0x000000008de00000, 0x000000008df00000, 0x000000008df00000|100%| O|  |TAMS 0x000000008de00000, 0x000000008de00000| Untracked 
| 223|0x000000008df00000, 0x000000008e000000, 0x000000008e000000|100%| O|  |TAMS 0x000000008e000000, 0x000000008df00000| Untracked 
| 224|0x000000008e000000, 0x000000008e000000, 0x000000008e100000|  0%| F|  |TAMS 0x000000008e000000, 0x000000008e000000| Untracked 
| 225|0x000000008e100000, 0x000000008e100000, 0x000000008e200000|  0%| F|  |TAMS 0x000000008e100000, 0x000000008e100000| Untracked 
| 226|0x000000008e200000, 0x000000008e300000, 0x000000008e300000|100%| O|  |TAMS 0x000000008e200000, 0x000000008e200000| Untracked 
| 227|0x000000008e300000, 0x000000008e400000, 0x000000008e400000|100%| O|  |TAMS 0x000000008e300000, 0x000000008e300000| Untracked 
| 228|0x000000008e400000, 0x000000008e400000, 0x000000008e500000|  0%| F|  |TAMS 0x000000008e400000, 0x000000008e400000| Untracked 
| 229|0x000000008e500000, 0x000000008e500000, 0x000000008e600000|  0%| F|  |TAMS 0x000000008e500000, 0x000000008e500000| Untracked 
| 230|0x000000008e600000, 0x000000008e700000, 0x000000008e700000|100%| O|  |TAMS 0x000000008e600000, 0x000000008e600000| Untracked 
| 231|0x000000008e700000, 0x000000008e700000, 0x000000008e800000|  0%| F|  |TAMS 0x000000008e700000, 0x000000008e700000| Untracked 
| 232|0x000000008e800000, 0x000000008e900000, 0x000000008e900000|100%| O|  |TAMS 0x000000008e800000, 0x000000008e800000| Untracked 
| 233|0x000000008e900000, 0x000000008e900000, 0x000000008ea00000|  0%| F|  |TAMS 0x000000008e900000, 0x000000008e900000| Untracked 
| 234|0x000000008ea00000, 0x000000008ea00000, 0x000000008eb00000|  0%| F|  |TAMS 0x000000008ea00000, 0x000000008ea00000| Untracked 
| 235|0x000000008eb00000, 0x000000008eb00000, 0x000000008ec00000|  0%| F|  |TAMS 0x000000008eb00000, 0x000000008eb00000| Untracked 
| 236|0x000000008ec00000, 0x000000008ec00000, 0x000000008ed00000|  0%| F|  |TAMS 0x000000008ec00000, 0x000000008ec00000| Untracked 
| 237|0x000000008ed00000, 0x000000008ed00000, 0x000000008ee00000|  0%| F|  |TAMS 0x000000008ed00000, 0x000000008ed00000| Untracked 
| 238|0x000000008ee00000, 0x000000008ee00000, 0x000000008ef00000|  0%| F|  |TAMS 0x000000008ee00000, 0x000000008ee00000| Untracked 
| 239|0x000000008ef00000, 0x000000008ef00000, 0x000000008f000000|  0%| F|  |TAMS 0x000000008ef00000, 0x000000008ef00000| Untracked 
| 240|0x000000008f000000, 0x000000008f000000, 0x000000008f100000|  0%| F|  |TAMS 0x000000008f000000, 0x000000008f000000| Untracked 
| 241|0x000000008f100000, 0x000000008f100000, 0x000000008f200000|  0%| F|  |TAMS 0x000000008f100000, 0x000000008f100000| Untracked 
| 242|0x000000008f200000, 0x000000008f200000, 0x000000008f300000|  0%| F|  |TAMS 0x000000008f200000, 0x000000008f200000| Untracked 
| 243|0x000000008f300000, 0x000000008f300000, 0x000000008f400000|  0%| F|  |TAMS 0x000000008f300000, 0x000000008f300000| Untracked 
| 244|0x000000008f400000, 0x000000008f400000, 0x000000008f500000|  0%| F|  |TAMS 0x000000008f400000, 0x000000008f400000| Untracked 
| 245|0x000000008f500000, 0x000000008f600000, 0x000000008f600000|100%| O|  |TAMS 0x000000008f5dde08, 0x000000008f500000| Untracked 
| 246|0x000000008f600000, 0x000000008f700000, 0x000000008f700000|100%| O|  |TAMS 0x000000008f700000, 0x000000008f600000| Untracked 
| 247|0x000000008f700000, 0x000000008f800000, 0x000000008f800000|100%| O|  |TAMS 0x000000008f800000, 0x000000008f700000| Untracked 
| 248|0x000000008f800000, 0x000000008f900000, 0x000000008f900000|100%| O|  |TAMS 0x000000008f800000, 0x000000008f800000| Untracked 
| 249|0x000000008f900000, 0x000000008fa00000, 0x000000008fa00000|100%| O|  |TAMS 0x000000008f900000, 0x000000008f900000| Untracked 
| 250|0x000000008fa00000, 0x000000008fb00000, 0x000000008fb00000|100%| O|  |TAMS 0x000000008fa00000, 0x000000008fa00000| Untracked 
| 251|0x000000008fb00000, 0x000000008fc00000, 0x000000008fc00000|100%| O|  |TAMS 0x000000008fb00000, 0x000000008fb00000| Untracked 
| 252|0x000000008fc00000, 0x000000008fd00000, 0x000000008fd00000|100%| O|  |TAMS 0x000000008fc00000, 0x000000008fc00000| Untracked 
| 253|0x000000008fd00000, 0x000000008fe00000, 0x000000008fe00000|100%| O|  |TAMS 0x000000008fd00000, 0x000000008fd00000| Untracked 
| 254|0x000000008fe00000, 0x000000008ff00000, 0x000000008ff00000|100%| O|  |TAMS 0x000000008fe00000, 0x000000008fe00000| Untracked 
| 255|0x000000008ff00000, 0x0000000090000000, 0x0000000090000000|100%| O|  |TAMS 0x000000008ff00000, 0x000000008ff00000| Untracked 
| 256|0x0000000090000000, 0x0000000090100000, 0x0000000090100000|100%| O|  |TAMS 0x0000000090000000, 0x0000000090000000| Untracked 
| 257|0x0000000090100000, 0x0000000090200000, 0x0000000090200000|100%| O|  |TAMS 0x0000000090100000, 0x0000000090100000| Untracked 
| 258|0x0000000090200000, 0x0000000090300000, 0x0000000090300000|100%| O|  |TAMS 0x0000000090200000, 0x0000000090200000| Untracked 
| 259|0x0000000090300000, 0x0000000090400000, 0x0000000090400000|100%| O|  |TAMS 0x0000000090300000, 0x0000000090300000| Untracked 
| 260|0x0000000090400000, 0x0000000090500000, 0x0000000090500000|100%| O|  |TAMS 0x0000000090400000, 0x0000000090400000| Untracked 
| 261|0x0000000090500000, 0x0000000090600000, 0x0000000090600000|100%| O|  |TAMS 0x0000000090500000, 0x0000000090500000| Untracked 
| 262|0x0000000090600000, 0x0000000090700000, 0x0000000090700000|100%| O|  |TAMS 0x0000000090600000, 0x0000000090600000| Untracked 
| 263|0x0000000090700000, 0x0000000090800000, 0x0000000090800000|100%| O|  |TAMS 0x0000000090700000, 0x0000000090700000| Untracked 
| 264|0x0000000090800000, 0x0000000090900000, 0x0000000090900000|100%| O|  |TAMS 0x0000000090800000, 0x0000000090800000| Untracked 
| 265|0x0000000090900000, 0x0000000090a00000, 0x0000000090a00000|100%| O|  |TAMS 0x0000000090900000, 0x0000000090900000| Untracked 
| 266|0x0000000090a00000, 0x0000000090b00000, 0x0000000090b00000|100%| O|  |TAMS 0x0000000090a00000, 0x0000000090a00000| Untracked 
| 267|0x0000000090b00000, 0x0000000090c00000, 0x0000000090c00000|100%| O|  |TAMS 0x0000000090b00000, 0x0000000090b00000| Untracked 
| 268|0x0000000090c00000, 0x0000000090d00000, 0x0000000090d00000|100%| O|  |TAMS 0x0000000090c00000, 0x0000000090c00000| Untracked 
| 269|0x0000000090d00000, 0x0000000090d00000, 0x0000000090e00000|  0%| F|  |TAMS 0x0000000090d00000, 0x0000000090d00000| Untracked 
| 270|0x0000000090e00000, 0x0000000090f00000, 0x0000000090f00000|100%| O|  |TAMS 0x0000000090e00000, 0x0000000090e00000| Untracked 
| 271|0x0000000090f00000, 0x0000000090f00000, 0x0000000091000000|  0%| F|  |TAMS 0x0000000090f00000, 0x0000000090f00000| Untracked 
| 272|0x0000000091000000, 0x0000000091100000, 0x0000000091100000|100%| O|  |TAMS 0x0000000091100000, 0x0000000091000000| Untracked 
| 273|0x0000000091100000, 0x0000000091200000, 0x0000000091200000|100%| O|  |TAMS 0x0000000091200000, 0x0000000091100000| Untracked 
| 274|0x0000000091200000, 0x0000000091200000, 0x0000000091300000|  0%| F|  |TAMS 0x0000000091200000, 0x0000000091200000| Untracked 
| 275|0x0000000091300000, 0x0000000091400000, 0x0000000091400000|100%| O|  |TAMS 0x0000000091400000, 0x0000000091300000| Untracked 
| 276|0x0000000091400000, 0x0000000091500000, 0x0000000091500000|100%| O|  |TAMS 0x0000000091400000, 0x0000000091400000| Untracked 
| 277|0x0000000091500000, 0x0000000091600000, 0x0000000091600000|100%| O|  |TAMS 0x0000000091500000, 0x0000000091500000| Untracked 
| 278|0x0000000091600000, 0x0000000091700000, 0x0000000091700000|100%| O|  |TAMS 0x0000000091600000, 0x0000000091600000| Untracked 
| 279|0x0000000091700000, 0x0000000091700000, 0x0000000091800000|  0%| F|  |TAMS 0x0000000091700000, 0x0000000091700000| Untracked 
| 280|0x0000000091800000, 0x0000000091900000, 0x0000000091900000|100%| O|  |TAMS 0x0000000091800000, 0x0000000091800000| Untracked 
| 281|0x0000000091900000, 0x0000000091a00000, 0x0000000091a00000|100%| O|  |TAMS 0x0000000091900000, 0x0000000091900000| Untracked 
| 282|0x0000000091a00000, 0x0000000091b00000, 0x0000000091b00000|100%| O|  |TAMS 0x0000000091a00000, 0x0000000091a00000| Untracked 
| 283|0x0000000091b00000, 0x0000000091c00000, 0x0000000091c00000|100%| O|  |TAMS 0x0000000091b00000, 0x0000000091b00000| Untracked 
| 284|0x0000000091c00000, 0x0000000091d00000, 0x0000000091d00000|100%| O|  |TAMS 0x0000000091c00000, 0x0000000091c00000| Untracked 
| 285|0x0000000091d00000, 0x0000000091e00000, 0x0000000091e00000|100%| O|  |TAMS 0x0000000091d00000, 0x0000000091d00000| Untracked 
| 286|0x0000000091e00000, 0x0000000091e00000, 0x0000000091f00000|  0%| F|  |TAMS 0x0000000091e00000, 0x0000000091e00000| Untracked 
| 287|0x0000000091f00000, 0x0000000091f00000, 0x0000000092000000|  0%| F|  |TAMS 0x0000000091f00000, 0x0000000091f00000| Untracked 
| 288|0x0000000092000000, 0x0000000092000000, 0x0000000092100000|  0%| F|  |TAMS 0x0000000092000000, 0x0000000092000000| Untracked 
| 289|0x0000000092100000, 0x0000000092100000, 0x0000000092200000|  0%| F|  |TAMS 0x0000000092100000, 0x0000000092100000| Untracked 
| 290|0x0000000092200000, 0x0000000092200000, 0x0000000092300000|  0%| F|  |TAMS 0x0000000092200000, 0x0000000092200000| Untracked 
| 291|0x0000000092300000, 0x0000000092300000, 0x0000000092400000|  0%| F|  |TAMS 0x0000000092300000, 0x0000000092300000| Untracked 
| 292|0x0000000092400000, 0x0000000092400000, 0x0000000092500000|  0%| F|  |TAMS 0x0000000092400000, 0x0000000092400000| Untracked 
| 293|0x0000000092500000, 0x0000000092500000, 0x0000000092600000|  0%| F|  |TAMS 0x0000000092500000, 0x0000000092500000| Untracked 
| 294|0x0000000092600000, 0x0000000092600000, 0x0000000092700000|  0%| F|  |TAMS 0x0000000092600000, 0x0000000092600000| Untracked 
| 295|0x0000000092700000, 0x0000000092700000, 0x0000000092800000|  0%| F|  |TAMS 0x0000000092700000, 0x0000000092700000| Untracked 
| 296|0x0000000092800000, 0x0000000092800000, 0x0000000092900000|  0%| F|  |TAMS 0x0000000092800000, 0x0000000092800000| Untracked 
| 297|0x0000000092900000, 0x0000000092900000, 0x0000000092a00000|  0%| F|  |TAMS 0x0000000092900000, 0x0000000092900000| Untracked 
| 298|0x0000000092a00000, 0x0000000092a00000, 0x0000000092b00000|  0%| F|  |TAMS 0x0000000092a00000, 0x0000000092a00000| Untracked 
| 299|0x0000000092b00000, 0x0000000092b00000, 0x0000000092c00000|  0%| F|  |TAMS 0x0000000092b00000, 0x0000000092b00000| Untracked 
| 300|0x0000000092c00000, 0x0000000092c00000, 0x0000000092d00000|  0%| F|  |TAMS 0x0000000092c00000, 0x0000000092c00000| Untracked 
| 301|0x0000000092d00000, 0x0000000092d00000, 0x0000000092e00000|  0%| F|  |TAMS 0x0000000092d00000, 0x0000000092d00000| Untracked 
| 302|0x0000000092e00000, 0x0000000092e00000, 0x0000000092f00000|  0%| F|  |TAMS 0x0000000092e00000, 0x0000000092e00000| Untracked 
| 303|0x0000000092f00000, 0x0000000092f00000, 0x0000000093000000|  0%| F|  |TAMS 0x0000000092f00000, 0x0000000092f00000| Untracked 
| 304|0x0000000093000000, 0x0000000093000000, 0x0000000093100000|  0%| F|  |TAMS 0x0000000093000000, 0x0000000093000000| Untracked 
| 305|0x0000000093100000, 0x0000000093100000, 0x0000000093200000|  0%| F|  |TAMS 0x0000000093100000, 0x0000000093100000| Untracked 
| 306|0x0000000093200000, 0x0000000093200000, 0x0000000093300000|  0%| F|  |TAMS 0x0000000093200000, 0x0000000093200000| Untracked 
| 307|0x0000000093300000, 0x0000000093300000, 0x0000000093400000|  0%| F|  |TAMS 0x0000000093300000, 0x0000000093300000| Untracked 
| 308|0x0000000093400000, 0x0000000093400000, 0x0000000093500000|  0%| F|  |TAMS 0x0000000093400000, 0x0000000093400000| Untracked 
| 309|0x0000000093500000, 0x0000000093500000, 0x0000000093600000|  0%| F|  |TAMS 0x0000000093500000, 0x0000000093500000| Untracked 
| 310|0x0000000093600000, 0x0000000093600000, 0x0000000093700000|  0%| F|  |TAMS 0x0000000093600000, 0x0000000093600000| Untracked 
| 311|0x0000000093700000, 0x0000000093700000, 0x0000000093800000|  0%| F|  |TAMS 0x0000000093700000, 0x0000000093700000| Untracked 
| 312|0x0000000093800000, 0x0000000093800000, 0x0000000093900000|  0%| F|  |TAMS 0x0000000093800000, 0x0000000093800000| Untracked 
| 313|0x0000000093900000, 0x0000000093900000, 0x0000000093a00000|  0%| F|  |TAMS 0x0000000093900000, 0x0000000093900000| Untracked 
| 314|0x0000000093a00000, 0x0000000093a00000, 0x0000000093b00000|  0%| F|  |TAMS 0x0000000093a00000, 0x0000000093a00000| Untracked 
| 315|0x0000000093b00000, 0x0000000093b00000, 0x0000000093c00000|  0%| F|  |TAMS 0x0000000093b00000, 0x0000000093b00000| Untracked 
| 316|0x0000000093c00000, 0x0000000093c00000, 0x0000000093d00000|  0%| F|  |TAMS 0x0000000093c00000, 0x0000000093c00000| Untracked 
| 317|0x0000000093d00000, 0x0000000093d00000, 0x0000000093e00000|  0%| F|  |TAMS 0x0000000093d00000, 0x0000000093d00000| Untracked 
| 318|0x0000000093e00000, 0x0000000093e00000, 0x0000000093f00000|  0%| F|  |TAMS 0x0000000093e00000, 0x0000000093e00000| Untracked 
| 319|0x0000000093f00000, 0x0000000093f00000, 0x0000000094000000|  0%| F|  |TAMS 0x0000000093f00000, 0x0000000093f00000| Untracked 
| 320|0x0000000094000000, 0x0000000094000000, 0x0000000094100000|  0%| F|  |TAMS 0x0000000094000000, 0x0000000094000000| Untracked 
| 321|0x0000000094100000, 0x0000000094100000, 0x0000000094200000|  0%| F|  |TAMS 0x0000000094100000, 0x0000000094100000| Untracked 
| 322|0x0000000094200000, 0x0000000094200000, 0x0000000094300000|  0%| F|  |TAMS 0x0000000094200000, 0x0000000094200000| Untracked 
| 323|0x0000000094300000, 0x0000000094300000, 0x0000000094400000|  0%| F|  |TAMS 0x0000000094300000, 0x0000000094300000| Untracked 
| 324|0x0000000094400000, 0x0000000094400000, 0x0000000094500000|  0%| F|  |TAMS 0x0000000094400000, 0x0000000094400000| Untracked 
| 325|0x0000000094500000, 0x0000000094500000, 0x0000000094600000|  0%| F|  |TAMS 0x0000000094500000, 0x0000000094500000| Untracked 
| 326|0x0000000094600000, 0x0000000094600000, 0x0000000094700000|  0%| F|  |TAMS 0x0000000094600000, 0x0000000094600000| Untracked 
| 327|0x0000000094700000, 0x0000000094700000, 0x0000000094800000|  0%| F|  |TAMS 0x0000000094700000, 0x0000000094700000| Untracked 
| 328|0x0000000094800000, 0x0000000094800000, 0x0000000094900000|  0%| F|  |TAMS 0x0000000094800000, 0x0000000094800000| Untracked 
| 329|0x0000000094900000, 0x0000000094900000, 0x0000000094a00000|  0%| F|  |TAMS 0x0000000094900000, 0x0000000094900000| Untracked 
| 330|0x0000000094a00000, 0x0000000094a00000, 0x0000000094b00000|  0%| F|  |TAMS 0x0000000094a00000, 0x0000000094a00000| Untracked 
| 331|0x0000000094b00000, 0x0000000094b00000, 0x0000000094c00000|  0%| F|  |TAMS 0x0000000094b00000, 0x0000000094b00000| Untracked 
| 332|0x0000000094c00000, 0x0000000094c00000, 0x0000000094d00000|  0%| F|  |TAMS 0x0000000094c00000, 0x0000000094c00000| Untracked 
| 333|0x0000000094d00000, 0x0000000094d00000, 0x0000000094e00000|  0%| F|  |TAMS 0x0000000094d00000, 0x0000000094d00000| Untracked 
| 334|0x0000000094e00000, 0x0000000094e00000, 0x0000000094f00000|  0%| F|  |TAMS 0x0000000094e00000, 0x0000000094e00000| Untracked 
| 335|0x0000000094f00000, 0x0000000094f00000, 0x0000000095000000|  0%| F|  |TAMS 0x0000000094f00000, 0x0000000094f00000| Untracked 
| 336|0x0000000095000000, 0x0000000095000000, 0x0000000095100000|  0%| F|  |TAMS 0x0000000095000000, 0x0000000095000000| Untracked 
| 337|0x0000000095100000, 0x0000000095100000, 0x0000000095200000|  0%| F|  |TAMS 0x0000000095100000, 0x0000000095100000| Untracked 
| 338|0x0000000095200000, 0x0000000095200000, 0x0000000095300000|  0%| F|  |TAMS 0x0000000095200000, 0x0000000095200000| Untracked 
| 339|0x0000000095300000, 0x0000000095300000, 0x0000000095400000|  0%| F|  |TAMS 0x0000000095300000, 0x0000000095300000| Untracked 
| 340|0x0000000095400000, 0x0000000095400000, 0x0000000095500000|  0%| F|  |TAMS 0x0000000095400000, 0x0000000095400000| Untracked 
| 341|0x0000000095500000, 0x0000000095500000, 0x0000000095600000|  0%| F|  |TAMS 0x0000000095500000, 0x0000000095500000| Untracked 
| 342|0x0000000095600000, 0x0000000095600000, 0x0000000095700000|  0%| F|  |TAMS 0x0000000095600000, 0x0000000095600000| Untracked 
| 343|0x0000000095700000, 0x0000000095700000, 0x0000000095800000|  0%| F|  |TAMS 0x0000000095700000, 0x0000000095700000| Untracked 
| 344|0x0000000095800000, 0x0000000095800000, 0x0000000095900000|  0%| F|  |TAMS 0x0000000095800000, 0x0000000095800000| Untracked 
| 345|0x0000000095900000, 0x0000000095900000, 0x0000000095a00000|  0%| F|  |TAMS 0x0000000095900000, 0x0000000095900000| Untracked 
| 346|0x0000000095a00000, 0x0000000095a00000, 0x0000000095b00000|  0%| F|  |TAMS 0x0000000095a00000, 0x0000000095a00000| Untracked 
| 347|0x0000000095b00000, 0x0000000095b00000, 0x0000000095c00000|  0%| F|  |TAMS 0x0000000095b00000, 0x0000000095b00000| Untracked 
| 348|0x0000000095c00000, 0x0000000095c00000, 0x0000000095d00000|  0%| F|  |TAMS 0x0000000095c00000, 0x0000000095c00000| Untracked 
| 349|0x0000000095d00000, 0x0000000095d00000, 0x0000000095e00000|  0%| F|  |TAMS 0x0000000095d00000, 0x0000000095d00000| Untracked 
| 350|0x0000000095e00000, 0x0000000095e00000, 0x0000000095f00000|  0%| F|  |TAMS 0x0000000095e00000, 0x0000000095e00000| Untracked 
| 351|0x0000000095f00000, 0x0000000095f00000, 0x0000000096000000|  0%| F|  |TAMS 0x0000000095f00000, 0x0000000095f00000| Untracked 
| 352|0x0000000096000000, 0x0000000096000000, 0x0000000096100000|  0%| F|  |TAMS 0x0000000096000000, 0x0000000096000000| Untracked 
| 353|0x0000000096100000, 0x0000000096100000, 0x0000000096200000|  0%| F|  |TAMS 0x0000000096100000, 0x0000000096100000| Untracked 
| 354|0x0000000096200000, 0x0000000096200000, 0x0000000096300000|  0%| F|  |TAMS 0x0000000096200000, 0x0000000096200000| Untracked 
| 355|0x0000000096300000, 0x0000000096300000, 0x0000000096400000|  0%| F|  |TAMS 0x0000000096300000, 0x0000000096300000| Untracked 
| 356|0x0000000096400000, 0x0000000096400000, 0x0000000096500000|  0%| F|  |TAMS 0x0000000096400000, 0x0000000096400000| Untracked 
| 357|0x0000000096500000, 0x0000000096500000, 0x0000000096600000|  0%| F|  |TAMS 0x0000000096500000, 0x0000000096500000| Untracked 
| 358|0x0000000096600000, 0x0000000096600000, 0x0000000096700000|  0%| F|  |TAMS 0x0000000096600000, 0x0000000096600000| Untracked 
| 359|0x0000000096700000, 0x0000000096700000, 0x0000000096800000|  0%| F|  |TAMS 0x0000000096700000, 0x0000000096700000| Untracked 
| 360|0x0000000096800000, 0x0000000096800000, 0x0000000096900000|  0%| F|  |TAMS 0x0000000096800000, 0x0000000096800000| Untracked 
| 361|0x0000000096900000, 0x0000000096900000, 0x0000000096a00000|  0%| F|  |TAMS 0x0000000096900000, 0x0000000096900000| Untracked 
| 362|0x0000000096a00000, 0x0000000096a00000, 0x0000000096b00000|  0%| F|  |TAMS 0x0000000096a00000, 0x0000000096a00000| Untracked 
| 363|0x0000000096b00000, 0x0000000096b00000, 0x0000000096c00000|  0%| F|  |TAMS 0x0000000096b00000, 0x0000000096b00000| Untracked 
| 364|0x0000000096c00000, 0x0000000096c00000, 0x0000000096d00000|  0%| F|  |TAMS 0x0000000096c00000, 0x0000000096c00000| Untracked 
| 365|0x0000000096d00000, 0x0000000096d00000, 0x0000000096e00000|  0%| F|  |TAMS 0x0000000096d00000, 0x0000000096d00000| Untracked 
| 366|0x0000000096e00000, 0x0000000096e00000, 0x0000000096f00000|  0%| F|  |TAMS 0x0000000096e00000, 0x0000000096e00000| Untracked 
| 367|0x0000000096f00000, 0x0000000096f00000, 0x0000000097000000|  0%| F|  |TAMS 0x0000000096f00000, 0x0000000096f00000| Untracked 
| 368|0x0000000097000000, 0x0000000097000000, 0x0000000097100000|  0%| F|  |TAMS 0x0000000097000000, 0x0000000097000000| Untracked 
| 369|0x0000000097100000, 0x0000000097100000, 0x0000000097200000|  0%| F|  |TAMS 0x0000000097100000, 0x0000000097100000| Untracked 
| 370|0x0000000097200000, 0x0000000097200000, 0x0000000097300000|  0%| F|  |TAMS 0x0000000097200000, 0x0000000097200000| Untracked 
| 371|0x0000000097300000, 0x0000000097300000, 0x0000000097400000|  0%| F|  |TAMS 0x0000000097300000, 0x0000000097300000| Untracked 
| 372|0x0000000097400000, 0x0000000097400000, 0x0000000097500000|  0%| F|  |TAMS 0x0000000097400000, 0x0000000097400000| Untracked 
| 373|0x0000000097500000, 0x0000000097500000, 0x0000000097600000|  0%| F|  |TAMS 0x0000000097500000, 0x0000000097500000| Untracked 
| 374|0x0000000097600000, 0x0000000097600000, 0x0000000097700000|  0%| F|  |TAMS 0x0000000097600000, 0x0000000097600000| Untracked 
| 375|0x0000000097700000, 0x0000000097700000, 0x0000000097800000|  0%| F|  |TAMS 0x0000000097700000, 0x0000000097700000| Untracked 
| 376|0x0000000097800000, 0x0000000097800000, 0x0000000097900000|  0%| F|  |TAMS 0x0000000097800000, 0x0000000097800000| Untracked 
| 377|0x0000000097900000, 0x0000000097900000, 0x0000000097a00000|  0%| F|  |TAMS 0x0000000097900000, 0x0000000097900000| Untracked 
| 378|0x0000000097a00000, 0x0000000097a00000, 0x0000000097b00000|  0%| F|  |TAMS 0x0000000097a00000, 0x0000000097a00000| Untracked 
| 379|0x0000000097b00000, 0x0000000097b00000, 0x0000000097c00000|  0%| F|  |TAMS 0x0000000097b00000, 0x0000000097b00000| Untracked 
| 380|0x0000000097c00000, 0x0000000097c00000, 0x0000000097d00000|  0%| F|  |TAMS 0x0000000097c00000, 0x0000000097c00000| Untracked 
| 381|0x0000000097d00000, 0x0000000097d00000, 0x0000000097e00000|  0%| F|  |TAMS 0x0000000097d00000, 0x0000000097d00000| Untracked 
| 382|0x0000000097e00000, 0x0000000097e00000, 0x0000000097f00000|  0%| F|  |TAMS 0x0000000097e00000, 0x0000000097e00000| Untracked 
| 383|0x0000000097f00000, 0x0000000097f00000, 0x0000000098000000|  0%| F|  |TAMS 0x0000000097f00000, 0x0000000097f00000| Untracked 
| 384|0x0000000098000000, 0x0000000098000000, 0x0000000098100000|  0%| F|  |TAMS 0x0000000098000000, 0x0000000098000000| Untracked 
| 385|0x0000000098100000, 0x0000000098100000, 0x0000000098200000|  0%| F|  |TAMS 0x0000000098100000, 0x0000000098100000| Untracked 
| 386|0x0000000098200000, 0x0000000098200000, 0x0000000098300000|  0%| F|  |TAMS 0x0000000098200000, 0x0000000098200000| Untracked 
| 387|0x0000000098300000, 0x0000000098300000, 0x0000000098400000|  0%| F|  |TAMS 0x0000000098300000, 0x0000000098300000| Untracked 
| 388|0x0000000098400000, 0x0000000098400000, 0x0000000098500000|  0%| F|  |TAMS 0x0000000098400000, 0x0000000098400000| Untracked 
| 389|0x0000000098500000, 0x0000000098500000, 0x0000000098600000|  0%| F|  |TAMS 0x0000000098500000, 0x0000000098500000| Untracked 
| 390|0x0000000098600000, 0x0000000098600000, 0x0000000098700000|  0%| F|  |TAMS 0x0000000098600000, 0x0000000098600000| Untracked 
| 391|0x0000000098700000, 0x0000000098700000, 0x0000000098800000|  0%| F|  |TAMS 0x0000000098700000, 0x0000000098700000| Untracked 
| 392|0x0000000098800000, 0x0000000098800000, 0x0000000098900000|  0%| F|  |TAMS 0x0000000098800000, 0x0000000098800000| Untracked 
| 393|0x0000000098900000, 0x0000000098900000, 0x0000000098a00000|  0%| F|  |TAMS 0x0000000098900000, 0x0000000098900000| Untracked 
| 394|0x0000000098a00000, 0x0000000098a00000, 0x0000000098b00000|  0%| F|  |TAMS 0x0000000098a00000, 0x0000000098a00000| Untracked 
| 395|0x0000000098b00000, 0x0000000098b00000, 0x0000000098c00000|  0%| F|  |TAMS 0x0000000098b00000, 0x0000000098b00000| Untracked 
| 396|0x0000000098c00000, 0x0000000098c00000, 0x0000000098d00000|  0%| F|  |TAMS 0x0000000098c00000, 0x0000000098c00000| Untracked 
| 397|0x0000000098d00000, 0x0000000098d00000, 0x0000000098e00000|  0%| F|  |TAMS 0x0000000098d00000, 0x0000000098d00000| Untracked 
| 398|0x0000000098e00000, 0x0000000098e00000, 0x0000000098f00000|  0%| F|  |TAMS 0x0000000098e00000, 0x0000000098e00000| Untracked 
| 399|0x0000000098f00000, 0x0000000098f00000, 0x0000000099000000|  0%| F|  |TAMS 0x0000000098f00000, 0x0000000098f00000| Untracked 
| 400|0x0000000099000000, 0x0000000099000000, 0x0000000099100000|  0%| F|  |TAMS 0x0000000099000000, 0x0000000099000000| Untracked 
| 401|0x0000000099100000, 0x0000000099100000, 0x0000000099200000|  0%| F|  |TAMS 0x0000000099100000, 0x0000000099100000| Untracked 
| 402|0x0000000099200000, 0x0000000099200000, 0x0000000099300000|  0%| F|  |TAMS 0x0000000099200000, 0x0000000099200000| Untracked 
| 403|0x0000000099300000, 0x0000000099300000, 0x0000000099400000|  0%| F|  |TAMS 0x0000000099300000, 0x0000000099300000| Untracked 
| 404|0x0000000099400000, 0x0000000099400000, 0x0000000099500000|  0%| F|  |TAMS 0x0000000099400000, 0x0000000099400000| Untracked 
| 405|0x0000000099500000, 0x0000000099500000, 0x0000000099600000|  0%| F|  |TAMS 0x0000000099500000, 0x0000000099500000| Untracked 
| 406|0x0000000099600000, 0x0000000099600000, 0x0000000099700000|  0%| F|  |TAMS 0x0000000099600000, 0x0000000099600000| Untracked 
| 407|0x0000000099700000, 0x0000000099700000, 0x0000000099800000|  0%| F|  |TAMS 0x0000000099700000, 0x0000000099700000| Untracked 
| 408|0x0000000099800000, 0x0000000099800000, 0x0000000099900000|  0%| F|  |TAMS 0x0000000099800000, 0x0000000099800000| Untracked 
| 409|0x0000000099900000, 0x0000000099900000, 0x0000000099a00000|  0%| F|  |TAMS 0x0000000099900000, 0x0000000099900000| Untracked 
| 410|0x0000000099a00000, 0x0000000099a00000, 0x0000000099b00000|  0%| F|  |TAMS 0x0000000099a00000, 0x0000000099a00000| Untracked 
| 411|0x0000000099b00000, 0x0000000099b00000, 0x0000000099c00000|  0%| F|  |TAMS 0x0000000099b00000, 0x0000000099b00000| Untracked 
| 412|0x0000000099c00000, 0x0000000099c00000, 0x0000000099d00000|  0%| F|  |TAMS 0x0000000099c00000, 0x0000000099c00000| Untracked 
| 413|0x0000000099d00000, 0x0000000099d00000, 0x0000000099e00000|  0%| F|  |TAMS 0x0000000099d00000, 0x0000000099d00000| Untracked 
| 414|0x0000000099e00000, 0x0000000099e00000, 0x0000000099f00000|  0%| F|  |TAMS 0x0000000099e00000, 0x0000000099e00000| Untracked 
| 415|0x0000000099f00000, 0x0000000099f00000, 0x000000009a000000|  0%| F|  |TAMS 0x0000000099f00000, 0x0000000099f00000| Untracked 
| 416|0x000000009a000000, 0x000000009a000000, 0x000000009a100000|  0%| F|  |TAMS 0x000000009a000000, 0x000000009a000000| Untracked 
| 417|0x000000009a100000, 0x000000009a100000, 0x000000009a200000|  0%| F|  |TAMS 0x000000009a100000, 0x000000009a100000| Untracked 
| 418|0x000000009a200000, 0x000000009a200000, 0x000000009a300000|  0%| F|  |TAMS 0x000000009a200000, 0x000000009a200000| Untracked 
| 419|0x000000009a300000, 0x000000009a300000, 0x000000009a400000|  0%| F|  |TAMS 0x000000009a300000, 0x000000009a300000| Untracked 
| 420|0x000000009a400000, 0x000000009a400000, 0x000000009a500000|  0%| F|  |TAMS 0x000000009a400000, 0x000000009a400000| Untracked 
| 421|0x000000009a500000, 0x000000009a500000, 0x000000009a600000|  0%| F|  |TAMS 0x000000009a500000, 0x000000009a500000| Untracked 
| 422|0x000000009a600000, 0x000000009a600000, 0x000000009a700000|  0%| F|  |TAMS 0x000000009a600000, 0x000000009a600000| Untracked 
| 423|0x000000009a700000, 0x000000009a700000, 0x000000009a800000|  0%| F|  |TAMS 0x000000009a700000, 0x000000009a700000| Untracked 
| 424|0x000000009a800000, 0x000000009a800000, 0x000000009a900000|  0%| F|  |TAMS 0x000000009a800000, 0x000000009a800000| Untracked 
| 425|0x000000009a900000, 0x000000009a900000, 0x000000009aa00000|  0%| F|  |TAMS 0x000000009a900000, 0x000000009a900000| Untracked 
| 426|0x000000009aa00000, 0x000000009aa00000, 0x000000009ab00000|  0%| F|  |TAMS 0x000000009aa00000, 0x000000009aa00000| Untracked 
| 427|0x000000009ab00000, 0x000000009ab00000, 0x000000009ac00000|  0%| F|  |TAMS 0x000000009ab00000, 0x000000009ab00000| Untracked 
| 428|0x000000009ac00000, 0x000000009ac00000, 0x000000009ad00000|  0%| F|  |TAMS 0x000000009ac00000, 0x000000009ac00000| Untracked 
| 429|0x000000009ad00000, 0x000000009ad00000, 0x000000009ae00000|  0%| F|  |TAMS 0x000000009ad00000, 0x000000009ad00000| Untracked 
| 430|0x000000009ae00000, 0x000000009ae00000, 0x000000009af00000|  0%| F|  |TAMS 0x000000009ae00000, 0x000000009ae00000| Untracked 
| 431|0x000000009af00000, 0x000000009af00000, 0x000000009b000000|  0%| F|  |TAMS 0x000000009af00000, 0x000000009af00000| Untracked 
| 432|0x000000009b000000, 0x000000009b000000, 0x000000009b100000|  0%| F|  |TAMS 0x000000009b000000, 0x000000009b000000| Untracked 
| 433|0x000000009b100000, 0x000000009b100000, 0x000000009b200000|  0%| F|  |TAMS 0x000000009b100000, 0x000000009b100000| Untracked 
| 434|0x000000009b200000, 0x000000009b200000, 0x000000009b300000|  0%| F|  |TAMS 0x000000009b200000, 0x000000009b200000| Untracked 
| 435|0x000000009b300000, 0x000000009b300000, 0x000000009b400000|  0%| F|  |TAMS 0x000000009b300000, 0x000000009b300000| Untracked 
| 436|0x000000009b400000, 0x000000009b400000, 0x000000009b500000|  0%| F|  |TAMS 0x000000009b400000, 0x000000009b400000| Untracked 
| 437|0x000000009b500000, 0x000000009b500000, 0x000000009b600000|  0%| F|  |TAMS 0x000000009b500000, 0x000000009b500000| Untracked 
| 438|0x000000009b600000, 0x000000009b600000, 0x000000009b700000|  0%| F|  |TAMS 0x000000009b600000, 0x000000009b600000| Untracked 
| 439|0x000000009b700000, 0x000000009b700000, 0x000000009b800000|  0%| F|  |TAMS 0x000000009b700000, 0x000000009b700000| Untracked 
| 440|0x000000009b800000, 0x000000009b800000, 0x000000009b900000|  0%| F|  |TAMS 0x000000009b800000, 0x000000009b800000| Untracked 
| 441|0x000000009b900000, 0x000000009b900000, 0x000000009ba00000|  0%| F|  |TAMS 0x000000009b900000, 0x000000009b900000| Untracked 
| 442|0x000000009ba00000, 0x000000009ba00000, 0x000000009bb00000|  0%| F|  |TAMS 0x000000009ba00000, 0x000000009ba00000| Untracked 
| 443|0x000000009bb00000, 0x000000009bb00000, 0x000000009bc00000|  0%| F|  |TAMS 0x000000009bb00000, 0x000000009bb00000| Untracked 
| 444|0x000000009bc00000, 0x000000009bc00000, 0x000000009bd00000|  0%| F|  |TAMS 0x000000009bc00000, 0x000000009bc00000| Untracked 
| 445|0x000000009bd00000, 0x000000009bd00000, 0x000000009be00000|  0%| F|  |TAMS 0x000000009bd00000, 0x000000009bd00000| Untracked 
| 446|0x000000009be00000, 0x000000009be00000, 0x000000009bf00000|  0%| F|  |TAMS 0x000000009be00000, 0x000000009be00000| Untracked 
| 447|0x000000009bf00000, 0x000000009bf00000, 0x000000009c000000|  0%| F|  |TAMS 0x000000009bf00000, 0x000000009bf00000| Untracked 
| 448|0x000000009c000000, 0x000000009c000000, 0x000000009c100000|  0%| F|  |TAMS 0x000000009c000000, 0x000000009c000000| Untracked 
| 449|0x000000009c100000, 0x000000009c100000, 0x000000009c200000|  0%| F|  |TAMS 0x000000009c100000, 0x000000009c100000| Untracked 
| 450|0x000000009c200000, 0x000000009c200000, 0x000000009c300000|  0%| F|  |TAMS 0x000000009c200000, 0x000000009c200000| Untracked 
| 451|0x000000009c300000, 0x000000009c300000, 0x000000009c400000|  0%| F|  |TAMS 0x000000009c300000, 0x000000009c300000| Untracked 
| 452|0x000000009c400000, 0x000000009c400000, 0x000000009c500000|  0%| F|  |TAMS 0x000000009c400000, 0x000000009c400000| Untracked 
| 453|0x000000009c500000, 0x000000009c500000, 0x000000009c600000|  0%| F|  |TAMS 0x000000009c500000, 0x000000009c500000| Untracked 
| 454|0x000000009c600000, 0x000000009c600000, 0x000000009c700000|  0%| F|  |TAMS 0x000000009c600000, 0x000000009c600000| Untracked 
| 455|0x000000009c700000, 0x000000009c700000, 0x000000009c800000|  0%| F|  |TAMS 0x000000009c700000, 0x000000009c700000| Untracked 
| 456|0x000000009c800000, 0x000000009c800000, 0x000000009c900000|  0%| F|  |TAMS 0x000000009c800000, 0x000000009c800000| Untracked 
| 457|0x000000009c900000, 0x000000009c900000, 0x000000009ca00000|  0%| F|  |TAMS 0x000000009c900000, 0x000000009c900000| Untracked 
| 458|0x000000009ca00000, 0x000000009ca00000, 0x000000009cb00000|  0%| F|  |TAMS 0x000000009ca00000, 0x000000009ca00000| Untracked 
| 459|0x000000009cb00000, 0x000000009cb00000, 0x000000009cc00000|  0%| F|  |TAMS 0x000000009cb00000, 0x000000009cb00000| Untracked 
| 460|0x000000009cc00000, 0x000000009cc00000, 0x000000009cd00000|  0%| F|  |TAMS 0x000000009cc00000, 0x000000009cc00000| Untracked 
| 461|0x000000009cd00000, 0x000000009cd00000, 0x000000009ce00000|  0%| F|  |TAMS 0x000000009cd00000, 0x000000009cd00000| Untracked 
| 462|0x000000009ce00000, 0x000000009ce00000, 0x000000009cf00000|  0%| F|  |TAMS 0x000000009ce00000, 0x000000009ce00000| Untracked 
| 463|0x000000009cf00000, 0x000000009cf00000, 0x000000009d000000|  0%| F|  |TAMS 0x000000009cf00000, 0x000000009cf00000| Untracked 
| 464|0x000000009d000000, 0x000000009d000000, 0x000000009d100000|  0%| F|  |TAMS 0x000000009d000000, 0x000000009d000000| Untracked 
| 465|0x000000009d100000, 0x000000009d100000, 0x000000009d200000|  0%| F|  |TAMS 0x000000009d100000, 0x000000009d100000| Untracked 
| 466|0x000000009d200000, 0x000000009d200000, 0x000000009d300000|  0%| F|  |TAMS 0x000000009d200000, 0x000000009d200000| Untracked 
| 467|0x000000009d300000, 0x000000009d300000, 0x000000009d400000|  0%| F|  |TAMS 0x000000009d300000, 0x000000009d300000| Untracked 
| 468|0x000000009d400000, 0x000000009d400000, 0x000000009d500000|  0%| F|  |TAMS 0x000000009d400000, 0x000000009d400000| Untracked 
| 469|0x000000009d500000, 0x000000009d500000, 0x000000009d600000|  0%| F|  |TAMS 0x000000009d500000, 0x000000009d500000| Untracked 
| 470|0x000000009d600000, 0x000000009d600000, 0x000000009d700000|  0%| F|  |TAMS 0x000000009d600000, 0x000000009d600000| Untracked 
| 471|0x000000009d700000, 0x000000009d700000, 0x000000009d800000|  0%| F|  |TAMS 0x000000009d700000, 0x000000009d700000| Untracked 
| 472|0x000000009d800000, 0x000000009d800000, 0x000000009d900000|  0%| F|  |TAMS 0x000000009d800000, 0x000000009d800000| Untracked 
| 473|0x000000009d900000, 0x000000009d900000, 0x000000009da00000|  0%| F|  |TAMS 0x000000009d900000, 0x000000009d900000| Untracked 
| 474|0x000000009da00000, 0x000000009da00000, 0x000000009db00000|  0%| F|  |TAMS 0x000000009da00000, 0x000000009da00000| Untracked 
| 475|0x000000009db00000, 0x000000009db00000, 0x000000009dc00000|  0%| F|  |TAMS 0x000000009db00000, 0x000000009db00000| Untracked 
| 476|0x000000009dc00000, 0x000000009dc00000, 0x000000009dd00000|  0%| F|  |TAMS 0x000000009dc00000, 0x000000009dc00000| Untracked 
| 477|0x000000009dd00000, 0x000000009dd00000, 0x000000009de00000|  0%| F|  |TAMS 0x000000009dd00000, 0x000000009dd00000| Untracked 
| 478|0x000000009de00000, 0x000000009de00000, 0x000000009df00000|  0%| F|  |TAMS 0x000000009de00000, 0x000000009de00000| Untracked 
| 479|0x000000009df00000, 0x000000009df00000, 0x000000009e000000|  0%| F|  |TAMS 0x000000009df00000, 0x000000009df00000| Untracked 
| 480|0x000000009e000000, 0x000000009e000000, 0x000000009e100000|  0%| F|  |TAMS 0x000000009e000000, 0x000000009e000000| Untracked 
| 481|0x000000009e100000, 0x000000009e100000, 0x000000009e200000|  0%| F|  |TAMS 0x000000009e100000, 0x000000009e100000| Untracked 
| 482|0x000000009e200000, 0x000000009e200000, 0x000000009e300000|  0%| F|  |TAMS 0x000000009e200000, 0x000000009e200000| Untracked 
| 483|0x000000009e300000, 0x000000009e300000, 0x000000009e400000|  0%| F|  |TAMS 0x000000009e300000, 0x000000009e300000| Untracked 
| 484|0x000000009e400000, 0x000000009e400000, 0x000000009e500000|  0%| F|  |TAMS 0x000000009e400000, 0x000000009e400000| Untracked 
| 485|0x000000009e500000, 0x000000009e500000, 0x000000009e600000|  0%| F|  |TAMS 0x000000009e500000, 0x000000009e500000| Untracked 
| 486|0x000000009e600000, 0x000000009e600000, 0x000000009e700000|  0%| F|  |TAMS 0x000000009e600000, 0x000000009e600000| Untracked 
| 487|0x000000009e700000, 0x000000009e700000, 0x000000009e800000|  0%| F|  |TAMS 0x000000009e700000, 0x000000009e700000| Untracked 
| 488|0x000000009e800000, 0x000000009e800000, 0x000000009e900000|  0%| F|  |TAMS 0x000000009e800000, 0x000000009e800000| Untracked 
| 489|0x000000009e900000, 0x000000009e900000, 0x000000009ea00000|  0%| F|  |TAMS 0x000000009e900000, 0x000000009e900000| Untracked 
| 490|0x000000009ea00000, 0x000000009ea00000, 0x000000009eb00000|  0%| F|  |TAMS 0x000000009ea00000, 0x000000009ea00000| Untracked 
| 491|0x000000009eb00000, 0x000000009eb00000, 0x000000009ec00000|  0%| F|  |TAMS 0x000000009eb00000, 0x000000009eb00000| Untracked 
| 492|0x000000009ec00000, 0x000000009ec00000, 0x000000009ed00000|  0%| F|  |TAMS 0x000000009ec00000, 0x000000009ec00000| Untracked 
| 493|0x000000009ed00000, 0x000000009ed00000, 0x000000009ee00000|  0%| F|  |TAMS 0x000000009ed00000, 0x000000009ed00000| Untracked 
| 494|0x000000009ee00000, 0x000000009ee00000, 0x000000009ef00000|  0%| F|  |TAMS 0x000000009ee00000, 0x000000009ee00000| Untracked 
| 495|0x000000009ef00000, 0x000000009ef00000, 0x000000009f000000|  0%| F|  |TAMS 0x000000009ef00000, 0x000000009ef00000| Untracked 
| 496|0x000000009f000000, 0x000000009f000000, 0x000000009f100000|  0%| F|  |TAMS 0x000000009f000000, 0x000000009f000000| Untracked 
| 497|0x000000009f100000, 0x000000009f100000, 0x000000009f200000|  0%| F|  |TAMS 0x000000009f100000, 0x000000009f100000| Untracked 
| 498|0x000000009f200000, 0x000000009f200000, 0x000000009f300000|  0%| F|  |TAMS 0x000000009f200000, 0x000000009f200000| Untracked 
| 499|0x000000009f300000, 0x000000009f300000, 0x000000009f400000|  0%| F|  |TAMS 0x000000009f300000, 0x000000009f300000| Untracked 
| 500|0x000000009f400000, 0x000000009f400000, 0x000000009f500000|  0%| F|  |TAMS 0x000000009f400000, 0x000000009f400000| Untracked 
| 501|0x000000009f500000, 0x000000009f500000, 0x000000009f600000|  0%| F|  |TAMS 0x000000009f500000, 0x000000009f500000| Untracked 
| 502|0x000000009f600000, 0x000000009f600000, 0x000000009f700000|  0%| F|  |TAMS 0x000000009f600000, 0x000000009f600000| Untracked 
| 503|0x000000009f700000, 0x000000009f700000, 0x000000009f800000|  0%| F|  |TAMS 0x000000009f700000, 0x000000009f700000| Untracked 
| 504|0x000000009f800000, 0x000000009f800000, 0x000000009f900000|  0%| F|  |TAMS 0x000000009f800000, 0x000000009f800000| Untracked 
| 505|0x000000009f900000, 0x000000009f900000, 0x000000009fa00000|  0%| F|  |TAMS 0x000000009f900000, 0x000000009f900000| Untracked 
| 506|0x000000009fa00000, 0x000000009fa00000, 0x000000009fb00000|  0%| F|  |TAMS 0x000000009fa00000, 0x000000009fa00000| Untracked 
| 507|0x000000009fb00000, 0x000000009fb00000, 0x000000009fc00000|  0%| F|  |TAMS 0x000000009fb00000, 0x000000009fb00000| Untracked 
| 508|0x000000009fc00000, 0x000000009fc00000, 0x000000009fd00000|  0%| F|  |TAMS 0x000000009fc00000, 0x000000009fc00000| Untracked 
| 509|0x000000009fd00000, 0x000000009fd00000, 0x000000009fe00000|  0%| F|  |TAMS 0x000000009fd00000, 0x000000009fd00000| Untracked 
| 510|0x000000009fe00000, 0x000000009fe00000, 0x000000009ff00000|  0%| F|  |TAMS 0x000000009fe00000, 0x000000009fe00000| Untracked 
| 511|0x000000009ff00000, 0x000000009ff00000, 0x00000000a0000000|  0%| F|  |TAMS 0x000000009ff00000, 0x000000009ff00000| Untracked 
| 512|0x00000000a0000000, 0x00000000a0000000, 0x00000000a0100000|  0%| F|  |TAMS 0x00000000a0000000, 0x00000000a0000000| Untracked 
| 513|0x00000000a0100000, 0x00000000a0100000, 0x00000000a0200000|  0%| F|  |TAMS 0x00000000a0100000, 0x00000000a0100000| Untracked 
| 514|0x00000000a0200000, 0x00000000a0200000, 0x00000000a0300000|  0%| F|  |TAMS 0x00000000a0200000, 0x00000000a0200000| Untracked 
| 515|0x00000000a0300000, 0x00000000a0300000, 0x00000000a0400000|  0%| F|  |TAMS 0x00000000a0300000, 0x00000000a0300000| Untracked 
| 516|0x00000000a0400000, 0x00000000a0400000, 0x00000000a0500000|  0%| F|  |TAMS 0x00000000a0400000, 0x00000000a0400000| Untracked 
| 517|0x00000000a0500000, 0x00000000a0500000, 0x00000000a0600000|  0%| F|  |TAMS 0x00000000a0500000, 0x00000000a0500000| Untracked 
| 518|0x00000000a0600000, 0x00000000a0600000, 0x00000000a0700000|  0%| F|  |TAMS 0x00000000a0600000, 0x00000000a0600000| Untracked 
| 519|0x00000000a0700000, 0x00000000a0700000, 0x00000000a0800000|  0%| F|  |TAMS 0x00000000a0700000, 0x00000000a0700000| Untracked 
| 520|0x00000000a0800000, 0x00000000a0800000, 0x00000000a0900000|  0%| F|  |TAMS 0x00000000a0800000, 0x00000000a0800000| Untracked 
| 521|0x00000000a0900000, 0x00000000a0900000, 0x00000000a0a00000|  0%| F|  |TAMS 0x00000000a0900000, 0x00000000a0900000| Untracked 
| 522|0x00000000a0a00000, 0x00000000a0a00000, 0x00000000a0b00000|  0%| F|  |TAMS 0x00000000a0a00000, 0x00000000a0a00000| Untracked 
| 523|0x00000000a0b00000, 0x00000000a0b00000, 0x00000000a0c00000|  0%| F|  |TAMS 0x00000000a0b00000, 0x00000000a0b00000| Untracked 
| 524|0x00000000a0c00000, 0x00000000a0c00000, 0x00000000a0d00000|  0%| F|  |TAMS 0x00000000a0c00000, 0x00000000a0c00000| Untracked 
| 525|0x00000000a0d00000, 0x00000000a0d00000, 0x00000000a0e00000|  0%| F|  |TAMS 0x00000000a0d00000, 0x00000000a0d00000| Untracked 
| 526|0x00000000a0e00000, 0x00000000a0e00000, 0x00000000a0f00000|  0%| F|  |TAMS 0x00000000a0e00000, 0x00000000a0e00000| Untracked 
| 527|0x00000000a0f00000, 0x00000000a0f00000, 0x00000000a1000000|  0%| F|  |TAMS 0x00000000a0f00000, 0x00000000a0f00000| Untracked 
| 528|0x00000000a1000000, 0x00000000a1100000, 0x00000000a1100000|100%| S|CS|TAMS 0x00000000a1000000, 0x00000000a1000000| Complete 
| 529|0x00000000a1100000, 0x00000000a1200000, 0x00000000a1200000|100%| S|CS|TAMS 0x00000000a1100000, 0x00000000a1100000| Complete 
| 530|0x00000000a1200000, 0x00000000a1300000, 0x00000000a1300000|100%| S|CS|TAMS 0x00000000a1200000, 0x00000000a1200000| Complete 
| 531|0x00000000a1300000, 0x00000000a1400000, 0x00000000a1400000|100%| S|CS|TAMS 0x00000000a1300000, 0x00000000a1300000| Complete 
| 532|0x00000000a1400000, 0x00000000a1400000, 0x00000000a1500000|  0%| F|  |TAMS 0x00000000a1400000, 0x00000000a1400000| Untracked 
| 533|0x00000000a1500000, 0x00000000a1500000, 0x00000000a1600000|  0%| F|  |TAMS 0x00000000a1500000, 0x00000000a1500000| Untracked 
| 534|0x00000000a1600000, 0x00000000a1600000, 0x00000000a1700000|  0%| F|  |TAMS 0x00000000a1600000, 0x00000000a1600000| Untracked 
| 535|0x00000000a1700000, 0x00000000a1700000, 0x00000000a1800000|  0%| F|  |TAMS 0x00000000a1700000, 0x00000000a1700000| Untracked 
| 536|0x00000000a1800000, 0x00000000a1800000, 0x00000000a1900000|  0%| F|  |TAMS 0x00000000a1800000, 0x00000000a1800000| Untracked 
| 537|0x00000000a1900000, 0x00000000a1900000, 0x00000000a1a00000|  0%| F|  |TAMS 0x00000000a1900000, 0x00000000a1900000| Untracked 
| 538|0x00000000a1a00000, 0x00000000a1a00000, 0x00000000a1b00000|  0%| F|  |TAMS 0x00000000a1a00000, 0x00000000a1a00000| Untracked 
| 539|0x00000000a1b00000, 0x00000000a1b00000, 0x00000000a1c00000|  0%| F|  |TAMS 0x00000000a1b00000, 0x00000000a1b00000| Untracked 
| 540|0x00000000a1c00000, 0x00000000a1c00000, 0x00000000a1d00000|  0%| F|  |TAMS 0x00000000a1c00000, 0x00000000a1c00000| Untracked 
| 541|0x00000000a1d00000, 0x00000000a1d00000, 0x00000000a1e00000|  0%| F|  |TAMS 0x00000000a1d00000, 0x00000000a1d00000| Untracked 
| 542|0x00000000a1e00000, 0x00000000a1e00000, 0x00000000a1f00000|  0%| F|  |TAMS 0x00000000a1e00000, 0x00000000a1e00000| Untracked 
| 543|0x00000000a1f00000, 0x00000000a1f00000, 0x00000000a2000000|  0%| F|  |TAMS 0x00000000a1f00000, 0x00000000a1f00000| Untracked 
| 544|0x00000000a2000000, 0x00000000a2000000, 0x00000000a2100000|  0%| F|  |TAMS 0x00000000a2000000, 0x00000000a2000000| Untracked 
| 545|0x00000000a2100000, 0x00000000a2100000, 0x00000000a2200000|  0%| F|  |TAMS 0x00000000a2100000, 0x00000000a2100000| Untracked 
| 546|0x00000000a2200000, 0x00000000a2200000, 0x00000000a2300000|  0%| F|  |TAMS 0x00000000a2200000, 0x00000000a2200000| Untracked 
| 547|0x00000000a2300000, 0x00000000a2300000, 0x00000000a2400000|  0%| F|  |TAMS 0x00000000a2300000, 0x00000000a2300000| Untracked 
| 548|0x00000000a2400000, 0x00000000a2400000, 0x00000000a2500000|  0%| F|  |TAMS 0x00000000a2400000, 0x00000000a2400000| Untracked 
| 549|0x00000000a2500000, 0x00000000a2500000, 0x00000000a2600000|  0%| F|  |TAMS 0x00000000a2500000, 0x00000000a2500000| Untracked 
| 550|0x00000000a2600000, 0x00000000a2600000, 0x00000000a2700000|  0%| F|  |TAMS 0x00000000a2600000, 0x00000000a2600000| Untracked 
| 551|0x00000000a2700000, 0x00000000a2700000, 0x00000000a2800000|  0%| F|  |TAMS 0x00000000a2700000, 0x00000000a2700000| Untracked 
| 552|0x00000000a2800000, 0x00000000a2800000, 0x00000000a2900000|  0%| F|  |TAMS 0x00000000a2800000, 0x00000000a2800000| Untracked 
| 553|0x00000000a2900000, 0x00000000a2900000, 0x00000000a2a00000|  0%| F|  |TAMS 0x00000000a2900000, 0x00000000a2900000| Untracked 
| 554|0x00000000a2a00000, 0x00000000a2a00000, 0x00000000a2b00000|  0%| F|  |TAMS 0x00000000a2a00000, 0x00000000a2a00000| Untracked 
| 555|0x00000000a2b00000, 0x00000000a2b00000, 0x00000000a2c00000|  0%| F|  |TAMS 0x00000000a2b00000, 0x00000000a2b00000| Untracked 
| 556|0x00000000a2c00000, 0x00000000a2c00000, 0x00000000a2d00000|  0%| F|  |TAMS 0x00000000a2c00000, 0x00000000a2c00000| Untracked 
| 557|0x00000000a2d00000, 0x00000000a2d00000, 0x00000000a2e00000|  0%| F|  |TAMS 0x00000000a2d00000, 0x00000000a2d00000| Untracked 
| 558|0x00000000a2e00000, 0x00000000a2e00000, 0x00000000a2f00000|  0%| F|  |TAMS 0x00000000a2e00000, 0x00000000a2e00000| Untracked 

Card table byte_map: [0x00000246adec0000,0x00000246ae2c0000] _byte_map_base: 0x00000246adac0000

Marking Bits (Prev, Next): (CMBitMap*) 0x00000246950d40e0, (CMBitMap*) 0x00000246950d40a0
 Prev Bits: [0x00000246b06c0000, 0x00000246b26c0000)
 Next Bits: [0x00000246ae6c0000, 0x00000246b06c0000)

Polling page: 0x0000024695160000

Metaspace:

Usage:
  Non-class:    128.35 MB used.
      Class:     19.98 MB used.
       Both:    148.34 MB used.

Virtual space:
  Non-class space:      136.00 MB reserved,     129.06 MB ( 95%) committed,  17 nodes.
      Class space:        1.00 GB reserved,      20.62 MB (  2%) committed,  1 nodes.
             Both:        1.13 GB reserved,     149.69 MB ( 13%) committed. 

Chunk freelists:
   Non-Class:  2.23 MB
       Class:  3.34 MB
        Both:  5.58 MB

MaxMetaspaceSize: unlimited
CompressedClassSpaceSize: 1.00 GB
Initial GC threshold: 21.00 MB
Current GC threshold: 243.12 MB
CDS: on
MetaspaceReclaimPolicy: balanced
 - commit_granule_bytes: 65536.
 - commit_granule_words: 8192.
 - virtual_space_node_default_size: 1048576.
 - enlarge_chunks_in_place: 1.
 - new_chunks_are_fully_committed: 0.
 - uncommit_free_chunks: 1.
 - use_allocation_guard: 0.
 - handle_deallocations: 1.


Internal statistics:

num_allocs_failed_limit: 9.
num_arena_births: 2628.
num_arena_deaths: 524.
num_vsnodes_births: 18.
num_vsnodes_deaths: 0.
num_space_committed: 2462.
num_space_uncommitted: 68.
num_chunks_returned_to_freelist: 891.
num_chunks_taken_from_freelist: 9938.
num_chunk_merges: 315.
num_chunk_splits: 6161.
num_chunks_enlarged: 3885.
num_purges: 6.
num_inconsistent_stats: 0.

CodeHeap 'non-profiled nmethods': size=120000Kb used=19091Kb max_used=19091Kb free=100908Kb
 bounds [0x00000246a5b20000, 0x00000246a6dd0000, 0x00000246ad050000]
CodeHeap 'profiled nmethods': size=120000Kb used=49366Kb max_used=49366Kb free=70633Kb
 bounds [0x000002469e5f0000, 0x00000246a1630000, 0x00000246a5b20000]
CodeHeap 'non-nmethods': size=5760Kb used=2524Kb max_used=2598Kb free=3235Kb
 bounds [0x000002469e050000, 0x000002469e2f0000, 0x000002469e5f0000]
 total_blobs=25219 nmethods=24163 adapters=966
 compilation: enabled
              stopped_count=0, restarted_count=0
 full_count=0

Compilation events (20 events):
Event: 3569.766 Thread 0x00000246b5154010 30682       3       org.gradle.internal.io.StreamByteBuffer$StreamByteBufferChunk::write (32 bytes)
Event: 3569.766 Thread 0x00000246b5154010 nmethod 30682 0x000002469f45e190 code [0x000002469f45e340, 0x000002469f45e4f8]
Event: 3569.776 Thread 0x00000246b5154010 30685       3       com.sun.tools.javac.file.JavacFileManager::hasLocation (14 bytes)
Event: 3569.776 Thread 0x00000246b5154010 nmethod 30685 0x000002469f706990 code [0x000002469f706b80, 0x000002469f707028]
Event: 3569.776 Thread 0x00000246b5154010 30687       3       com.sun.tools.javac.comp.Modules$$Lambda$2251/0x0000000801c34470::test (16 bytes)
Event: 3569.776 Thread 0x00000246b5154010 nmethod 30687 0x000002469f4f3090 code [0x000002469f4f3240, 0x000002469f4f3488]
Event: 3569.776 Thread 0x00000246b5154010 30688       3       com.sun.tools.javac.comp.Modules::lambda$setupAllModules$5 (37 bytes)
Event: 3569.777 Thread 0x00000246b5154010 nmethod 30688 0x000002469f572990 code [0x000002469f572b60, 0x000002469f572e58]
Event: 3569.777 Thread 0x00000246b5154010 30689       3       com.sun.tools.javac.code.Types$15::visitClassType (130 bytes)
Event: 3569.778 Thread 0x00000246b5152650 nmethod 30671 0x00000246a6dbed90 code [0x00000246a6dbf080, 0x00000246a6dc27e0]
Event: 3569.778 Thread 0x00000246b5154010 nmethod 30689 0x00000246a1628110 code [0x00000246a16283e0, 0x00000246a1629668]
Event: 3569.778 Thread 0x00000246b5154010 30686       3       com.sun.tools.javac.file.Locations::hasLocation (19 bytes)
Event: 3569.778 Thread 0x00000246b5152650 30683       4       java.util.HashMap$Values::iterator (12 bytes)
Event: 3569.778 Thread 0x00000246b5154010 nmethod 30686 0x00000246a1629c10 code [0x00000246a1629e20, 0x00000246a162a628]
Event: 3569.778 Thread 0x00000246b5154010 30690   !   3       com.sun.tools.javac.comp.TypeEnter$Phase::completeEnvs (137 bytes)
Event: 3569.779 Thread 0x00000246b5154010 nmethod 30690 0x00000246a162a810 code [0x00000246a162aa40, 0x00000246a162b3b8]
Event: 3569.781 Thread 0x00000246b5152650 nmethod 30683 0x00000246a6dc3e90 code [0x00000246a6dc4020, 0x00000246a6dc42b8]
Event: 3569.781 Thread 0x00000246b5152650 30684       4       com.sun.tools.javac.util.Iterators$CompoundIterator::next (35 bytes)
Event: 3569.786 Thread 0x00000246b5152650 nmethod 30684 0x00000246a6dc4490 code [0x00000246a6dc4640, 0x00000246a6dc4b38]
Event: 3569.786 Thread 0x00000246b5152650 30672       4       java.lang.invoke.MethodHandles$Lookup$ClassDefiner::defineClass (97 bytes)

GC Heap History (20 events):
Event: 1655.852 GC heap after
{Heap after GC invocations=76 (full 0):
 garbage-first heap   total 572416K, used 214729K [0x0000000080000000, 0x0000000100000000)
  region size 1024K, 4 young (4096K), 4 survivors (4096K)
 Metaspace       used 150351K, committed 151680K, reserved 1179648K
  class space    used 20407K, committed 21056K, reserved 1048576K
}
Event: 1656.049 GC heap before
{Heap before GC invocations=76 (full 0):
 garbage-first heap   total 572416K, used 234185K [0x0000000080000000, 0x0000000100000000)
  region size 1024K, 24 young (24576K), 4 survivors (4096K)
 Metaspace       used 150382K, committed 151744K, reserved 1179648K
  class space    used 20415K, committed 21120K, reserved 1048576K
}
Event: 1656.059 GC heap after
{Heap after GC invocations=77 (full 0):
 garbage-first heap   total 572416K, used 217344K [0x0000000080000000, 0x0000000100000000)
  region size 1024K, 7 young (7168K), 7 survivors (7168K)
 Metaspace       used 150382K, committed 151744K, reserved 1179648K
  class space    used 20415K, committed 21120K, reserved 1048576K
}
Event: 1659.236 GC heap before
{Heap before GC invocations=78 (full 0):
 garbage-first heap   total 572416K, used 491776K [0x0000000080000000, 0x0000000100000000)
  region size 1024K, 267 young (273408K), 7 survivors (7168K)
 Metaspace       used 146343K, committed 147904K, reserved 1179648K
  class space    used 19998K, committed 20864K, reserved 1048576K
}
Event: 1659.292 GC heap after
{Heap after GC invocations=79 (full 0):
 garbage-first heap   total 572416K, used 251904K [0x0000000080000000, 0x0000000100000000)
  region size 1024K, 34 young (34816K), 34 survivors (34816K)
 Metaspace       used 146343K, committed 147904K, reserved 1179648K
  class space    used 19998K, committed 20864K, reserved 1048576K
}
Event: 1659.297 GC heap before
{Heap before GC invocations=79 (full 0):
 garbage-first heap   total 572416K, used 252928K [0x0000000080000000, 0x0000000100000000)
  region size 1024K, 35 young (35840K), 34 survivors (34816K)
 Metaspace       used 146343K, committed 147904K, reserved 1179648K
  class space    used 19998K, committed 20864K, reserved 1048576K
}
Event: 1659.354 GC heap after
{Heap after GC invocations=80 (full 0):
 garbage-first heap   total 572416K, used 250282K [0x0000000080000000, 0x0000000100000000)
  region size 1024K, 3 young (3072K), 3 survivors (3072K)
 Metaspace       used 146343K, committed 147904K, reserved 1179648K
  class space    used 19998K, committed 20864K, reserved 1048576K
}
Event: 1660.144 GC heap before
{Heap before GC invocations=80 (full 0):
 garbage-first heap   total 572416K, used 340394K [0x0000000080000000, 0x0000000100000000)
  region size 1024K, 93 young (95232K), 3 survivors (3072K)
 Metaspace       used 146457K, committed 148032K, reserved 1179648K
  class space    used 20001K, committed 20864K, reserved 1048576K
}
Event: 1660.150 GC heap after
{Heap after GC invocations=81 (full 0):
 garbage-first heap   total 572416K, used 253354K [0x0000000080000000, 0x0000000100000000)
  region size 1024K, 6 young (6144K), 6 survivors (6144K)
 Metaspace       used 146457K, committed 148032K, reserved 1179648K
  class space    used 20001K, committed 20864K, reserved 1048576K
}
Event: 3523.906 GC heap before
{Heap before GC invocations=82 (full 0):
 garbage-first heap   total 572416K, used 520618K [0x0000000080000000, 0x0000000100000000)
  region size 1024K, 214 young (219136K), 6 survivors (6144K)
 Metaspace       used 146932K, committed 148544K, reserved 1179648K
  class space    used 20016K, committed 20864K, reserved 1048576K
}
Event: 3523.985 GC heap after
{Heap after GC invocations=83 (full 0):
 garbage-first heap   total 572416K, used 255663K [0x0000000080000000, 0x0000000100000000)
  region size 1024K, 16 young (16384K), 16 survivors (16384K)
 Metaspace       used 146932K, committed 148544K, reserved 1179648K
  class space    used 20016K, committed 20864K, reserved 1048576K
}
Event: 3524.130 GC heap before
{Heap before GC invocations=83 (full 0):
 garbage-first heap   total 572416K, used 265903K [0x0000000080000000, 0x0000000100000000)
  region size 1024K, 27 young (27648K), 16 survivors (16384K)
 Metaspace       used 146939K, committed 148544K, reserved 1179648K
  class space    used 20016K, committed 20864K, reserved 1048576K
}
Event: 3524.288 GC heap after
{Heap after GC invocations=84 (full 0):
 garbage-first heap   total 572416K, used 247276K [0x0000000080000000, 0x0000000100000000)
  region size 1024K, 3 young (3072K), 3 survivors (3072K)
 Metaspace       used 146939K, committed 148544K, reserved 1179648K
  class space    used 20016K, committed 20864K, reserved 1048576K
}
Event: 3549.408 GC heap before
{Heap before GC invocations=84 (full 0):
 garbage-first heap   total 572416K, used 466412K [0x0000000080000000, 0x0000000100000000)
  region size 1024K, 217 young (222208K), 3 survivors (3072K)
 Metaspace       used 147738K, committed 149312K, reserved 1179648K
  class space    used 20099K, committed 20864K, reserved 1048576K
}
Event: 3549.480 GC heap after
{Heap after GC invocations=85 (full 0):
 garbage-first heap   total 572416K, used 265172K [0x0000000080000000, 0x0000000100000000)
  region size 1024K, 21 young (21504K), 21 survivors (21504K)
 Metaspace       used 147738K, committed 149312K, reserved 1179648K
  class space    used 20099K, committed 20864K, reserved 1048576K
}
Event: 3568.708 GC heap before
{Heap before GC invocations=86 (full 0):
 garbage-first heap   total 572416K, used 464852K [0x0000000080000000, 0x0000000100000000)
  region size 1024K, 217 young (222208K), 21 survivors (21504K)
 Metaspace       used 147712K, committed 149376K, reserved 1179648K
  class space    used 20059K, committed 20864K, reserved 1048576K
}
Event: 3568.794 GC heap after
{Heap after GC invocations=87 (full 0):
 garbage-first heap   total 572416K, used 275018K [0x0000000080000000, 0x0000000100000000)
  region size 1024K, 22 young (22528K), 22 survivors (22528K)
 Metaspace       used 147712K, committed 149376K, reserved 1179648K
  class space    used 20059K, committed 20864K, reserved 1048576K
}
Event: 3568.866 GC heap before
{Heap before GC invocations=87 (full 0):
 garbage-first heap   total 572416K, used 279114K [0x0000000080000000, 0x0000000100000000)
  region size 1024K, 27 young (27648K), 22 survivors (22528K)
 Metaspace       used 147769K, committed 149376K, reserved 1179648K
  class space    used 20060K, committed 20864K, reserved 1048576K
}
Event: 3568.980 GC heap after
{Heap after GC invocations=88 (full 0):
 garbage-first heap   total 572416K, used 237787K [0x0000000080000000, 0x0000000100000000)
  region size 1024K, 3 young (3072K), 3 survivors (3072K)
 Metaspace       used 147769K, committed 149376K, reserved 1179648K
  class space    used 20060K, committed 20864K, reserved 1048576K
}
Event: 3569.793 GC heap before
{Heap before GC invocations=88 (full 0):
 garbage-first heap   total 572416K, used 267483K [0x0000000080000000, 0x0000000100000000)
  region size 1024K, 27 young (27648K), 3 survivors (3072K)
 Metaspace       used 151896K, committed 153280K, reserved 1187840K
  class space    used 20463K, committed 21120K, reserved 1048576K
}

Deoptimization events (20 events):
Event: 3568.806 Thread 0x00000246b6e7db00 DEOPT PACKING pc=0x000002469ea3fc78 sp=0x00000067865fc630
Event: 3568.807 Thread 0x00000246b6e7db00 DEOPT UNPACKING pc=0x000002469e0a6763 sp=0x00000067865fbb40 mode 0
Event: 3568.811 Thread 0x00000246b6e7db00 Uncommon trap: trap_request=0xffffff45 fr.pc=0x00000246a64d40ac relative=0x0000000000000c8c
Event: 3568.811 Thread 0x00000246b6e7db00 Uncommon trap: reason=unstable_if action=reinterpret pc=0x00000246a64d40ac method=com.sun.tools.javac.code.Types$15.visitClassType(Lcom/sun/tools/javac/code/Type$ClassType;Ljava/lang/Void;)Lcom/sun/tools/javac/code/Type; @ 43 c2
Event: 3568.811 Thread 0x00000246b6e7db00 DEOPT PACKING pc=0x00000246a64d40ac sp=0x00000067865fc1d0
Event: 3568.811 Thread 0x00000246b6e7db00 DEOPT UNPACKING pc=0x000002469e0a5c23 sp=0x00000067865fc1c0 mode 2
Event: 3568.849 Thread 0x00000246b6e7db00 DEOPT PACKING pc=0x00000246a10d1483 sp=0x00000067865fbf80
Event: 3568.849 Thread 0x00000246b6e7db00 DEOPT UNPACKING pc=0x000002469e0a6763 sp=0x00000067865fb480 mode 0
Event: 3569.574 Thread 0x00000246b6e7db00 Uncommon trap: trap_request=0xffffff45 fr.pc=0x00000246a68aacc4 relative=0x0000000000001624
Event: 3569.574 Thread 0x00000246b6e7db00 Uncommon trap: reason=unstable_if action=reinterpret pc=0x00000246a68aacc4 method=java.lang.ref.SoftReference.get()Ljava/lang/Object; @ 6 c2
Event: 3569.574 Thread 0x00000246b6e7db00 DEOPT PACKING pc=0x00000246a68aacc4 sp=0x00000067865fb320
Event: 3569.574 Thread 0x00000246b6e7db00 DEOPT UNPACKING pc=0x000002469e0a5c23 sp=0x00000067865fb220 mode 2
Event: 3569.766 Thread 0x00000246b6e7db00 Uncommon trap: trap_request=0xffffffc6 fr.pc=0x00000246a6918bac relative=0x000000000000086c
Event: 3569.766 Thread 0x00000246b6e7db00 Uncommon trap: reason=bimorphic_or_optimized_type_check action=maybe_recompile pc=0x00000246a6918bac method=java.io.PrintStream.write([BII)V @ 16 c2
Event: 3569.766 Thread 0x00000246b6e7db00 DEOPT PACKING pc=0x00000246a6918bac sp=0x00000067865fc130
Event: 3569.766 Thread 0x00000246b6e7db00 DEOPT UNPACKING pc=0x000002469e0a5c23 sp=0x00000067865fc108 mode 2
Event: 3569.771 Thread 0x00000246b6e7db00 Uncommon trap: trap_request=0xffffffde fr.pc=0x00000246a68f50bc relative=0x000000000000123c
Event: 3569.772 Thread 0x00000246b6e7db00 Uncommon trap: reason=class_check action=maybe_recompile pc=0x00000246a68f50bc method=org.gradle.internal.logging.sink.OutputEventTransformer.onOutput(Lorg/gradle/internal/logging/events/OutputEvent;)V @ 351 c2
Event: 3569.772 Thread 0x00000246b6e7db00 DEOPT PACKING pc=0x00000246a68f50bc sp=0x00000067865fbd60
Event: 3569.772 Thread 0x00000246b6e7db00 DEOPT UNPACKING pc=0x000002469e0a5c23 sp=0x00000067865fbd30 mode 2

Classes unloaded (20 events):
Event: 3550.197 Thread 0x00000246b512acb0 Unloading class 0x0000000800ddec00 'java/lang/invoke/LambdaForm$MH+0x0000000800ddec00'
Event: 3550.197 Thread 0x00000246b512acb0 Unloading class 0x0000000800dde800 'java/lang/invoke/LambdaForm$MH+0x0000000800dde800'
Event: 3550.197 Thread 0x00000246b512acb0 Unloading class 0x0000000800dde400 'java/lang/invoke/LambdaForm$MH+0x0000000800dde400'
Event: 3550.197 Thread 0x00000246b512acb0 Unloading class 0x0000000800dde000 'java/lang/invoke/LambdaForm$MH+0x0000000800dde000'
Event: 3550.197 Thread 0x00000246b512acb0 Unloading class 0x0000000800dddc00 'java/lang/invoke/LambdaForm$MH+0x0000000800dddc00'
Event: 3550.197 Thread 0x00000246b512acb0 Unloading class 0x0000000800ddd800 'java/lang/invoke/LambdaForm$MH+0x0000000800ddd800'
Event: 3550.197 Thread 0x00000246b512acb0 Unloading class 0x0000000800ddc800 'java/lang/invoke/LambdaForm$MH+0x0000000800ddc800'
Event: 3550.197 Thread 0x00000246b512acb0 Unloading class 0x0000000800ddc400 'java/lang/invoke/LambdaForm$BMH+0x0000000800ddc400'
Event: 3550.197 Thread 0x00000246b512acb0 Unloading class 0x0000000800d10800 'java/lang/invoke/LambdaForm$DMH+0x0000000800d10800'
Event: 3550.197 Thread 0x00000246b512acb0 Unloading class 0x0000000800d10000 'java/lang/invoke/LambdaForm$DMH+0x0000000800d10000'
Event: 3550.197 Thread 0x00000246b512acb0 Unloading class 0x0000000800ce6000 'java/lang/invoke/LambdaForm$MH+0x0000000800ce6000'
Event: 3550.197 Thread 0x00000246b512acb0 Unloading class 0x0000000800ce5800 'java/lang/invoke/LambdaForm$MH+0x0000000800ce5800'
Event: 3550.198 Thread 0x00000246b512acb0 Unloading class 0x0000000800ce5400 'java/lang/invoke/LambdaForm$MH+0x0000000800ce5400'
Event: 3550.198 Thread 0x00000246b512acb0 Unloading class 0x0000000800ce5000 'java/lang/invoke/LambdaForm$MH+0x0000000800ce5000'
Event: 3550.198 Thread 0x00000246b512acb0 Unloading class 0x0000000800ce4c00 'java/lang/invoke/LambdaForm$MH+0x0000000800ce4c00'
Event: 3550.198 Thread 0x00000246b512acb0 Unloading class 0x0000000800ce4400 'java/lang/invoke/LambdaForm$MH+0x0000000800ce4400'
Event: 3550.198 Thread 0x00000246b512acb0 Unloading class 0x0000000800c38400 'java/lang/invoke/LambdaForm$DMH+0x0000000800c38400'
Event: 3550.198 Thread 0x00000246b512acb0 Unloading class 0x0000000800c2e800 'java/lang/invoke/LambdaForm$MH+0x0000000800c2e800'
Event: 3550.198 Thread 0x00000246b512acb0 Unloading class 0x0000000800c2e400 'java/lang/invoke/LambdaForm$MH+0x0000000800c2e400'
Event: 3550.198 Thread 0x00000246b512acb0 Unloading class 0x0000000800c2c000 'java/lang/invoke/LambdaForm$MH+0x0000000800c2c000'

Classes redefined (0 events):
No events

Internal exceptions (20 events):
Event: 3568.844 Thread 0x00000246b6e7db00 Exception <a 'sun/nio/fs/WindowsException'{0x00000000a2a333b0}> (0x00000000a2a333b0) 
thrown [c:\sb\prod\1715191057\workspace\open\src\hotspot\share\prims\jni.cpp, line 516]
Event: 3568.844 Thread 0x00000246b6e7db00 Exception <a 'sun/nio/fs/WindowsException'{0x00000000a2a33550}> (0x00000000a2a33550) 
thrown [c:\sb\prod\1715191057\workspace\open\src\hotspot\share\prims\jni.cpp, line 516]
Event: 3568.844 Thread 0x00000246b6e7db00 Exception <a 'sun/nio/fs/WindowsException'{0x00000000a2a3c760}> (0x00000000a2a3c760) 
thrown [c:\sb\prod\1715191057\workspace\open\src\hotspot\share\prims\jni.cpp, line 516]
Event: 3568.844 Thread 0x00000246b6e7db00 Exception <a 'sun/nio/fs/WindowsException'{0x00000000a2a3c928}> (0x00000000a2a3c928) 
thrown [c:\sb\prod\1715191057\workspace\open\src\hotspot\share\prims\jni.cpp, line 516]
Event: 3568.844 Thread 0x00000246b6e7db00 Exception <a 'sun/nio/fs/WindowsException'{0x00000000a2a3dcd0}> (0x00000000a2a3dcd0) 
thrown [c:\sb\prod\1715191057\workspace\open\src\hotspot\share\prims\jni.cpp, line 516]
Event: 3568.844 Thread 0x00000246b6e7db00 Exception <a 'sun/nio/fs/WindowsException'{0x00000000a2a3df00}> (0x00000000a2a3df00) 
thrown [c:\sb\prod\1715191057\workspace\open\src\hotspot\share\prims\jni.cpp, line 516]
Event: 3568.844 Thread 0x00000246b6e7db00 Exception <a 'sun/nio/fs/WindowsException'{0x00000000a2a3f4e8}> (0x00000000a2a3f4e8) 
thrown [c:\sb\prod\1715191057\workspace\open\src\hotspot\share\prims\jni.cpp, line 516]
Event: 3568.844 Thread 0x00000246b6e7db00 Exception <a 'sun/nio/fs/WindowsException'{0x00000000a2a3f6b0}> (0x00000000a2a3f6b0) 
thrown [c:\sb\prod\1715191057\workspace\open\src\hotspot\share\prims\jni.cpp, line 516]
Event: 3568.845 Thread 0x00000246b6e7db00 Exception <a 'sun/nio/fs/WindowsException'{0x00000000a2a5bd58}> (0x00000000a2a5bd58) 
thrown [c:\sb\prod\1715191057\workspace\open\src\hotspot\share\prims\jni.cpp, line 516]
Event: 3568.845 Thread 0x00000246b6e7db00 Exception <a 'sun/nio/fs/WindowsException'{0x00000000a2a5bef8}> (0x00000000a2a5bef8) 
thrown [c:\sb\prod\1715191057\workspace\open\src\hotspot\share\prims\jni.cpp, line 516]
Event: 3568.845 Thread 0x00000246b6e7db00 Exception <a 'sun/nio/fs/WindowsException'{0x00000000a2a5d248}> (0x00000000a2a5d248) 
thrown [c:\sb\prod\1715191057\workspace\open\src\hotspot\share\prims\jni.cpp, line 516]
Event: 3568.845 Thread 0x00000246b6e7db00 Exception <a 'sun/nio/fs/WindowsException'{0x00000000a2a5d458}> (0x00000000a2a5d458) 
thrown [c:\sb\prod\1715191057\workspace\open\src\hotspot\share\prims\jni.cpp, line 516]
Event: 3568.845 Thread 0x00000246b6e7db00 Exception <a 'sun/nio/fs/WindowsException'{0x00000000a2a5e988}> (0x00000000a2a5e988) 
thrown [c:\sb\prod\1715191057\workspace\open\src\hotspot\share\prims\jni.cpp, line 516]
Event: 3568.845 Thread 0x00000246b6e7db00 Exception <a 'sun/nio/fs/WindowsException'{0x00000000a2a5eb28}> (0x00000000a2a5eb28) 
thrown [c:\sb\prod\1715191057\workspace\open\src\hotspot\share\prims\jni.cpp, line 516]
Event: 3569.574 Thread 0x00000246b6e7db00 Implicit null exception at 0x00000246a68a9856 to 0x00000246a68aacac
Event: 3569.743 Thread 0x00000246b6e7db00 Exception <a 'java/lang/IncompatibleClassChangeError'{0x00000000a1415320}: Found class java.lang.Object, but interface was expected> (0x00000000a1415320) 
thrown [c:\sb\prod\1715191057\workspace\open\src\hotspot\share\interpreter\linkResolver.cpp, line 833]
Event: 3569.747 Thread 0x00000246b6e7db00 Exception <a 'sun/nio/fs/WindowsException'{0x00000000a143ea88}> (0x00000000a143ea88) 
thrown [c:\sb\prod\1715191057\workspace\open\src\hotspot\share\prims\jni.cpp, line 516]
Event: 3569.747 Thread 0x00000246b6e7db00 Exception <a 'sun/nio/fs/WindowsException'{0x00000000a143ec38}> (0x00000000a143ec38) 
thrown [c:\sb\prod\1715191057\workspace\open\src\hotspot\share\prims\jni.cpp, line 516]
Event: 3569.776 Thread 0x00000246b6e7db00 Exception <a 'sun/nio/fs/WindowsException'{0x00000000a148e118}> (0x00000000a148e118) 
thrown [c:\sb\prod\1715191057\workspace\open\src\hotspot\share\prims\jni.cpp, line 516]
Event: 3569.776 Thread 0x00000246b6e7db00 Exception <a 'sun/nio/fs/WindowsException'{0x00000000a148e2c8}> (0x00000000a148e2c8) 
thrown [c:\sb\prod\1715191057\workspace\open\src\hotspot\share\prims\jni.cpp, line 516]

VM Operations (20 events):
Event: 3551.438 Executing VM operation: G1Concurrent done
Event: 3551.578 Executing VM operation: ICBufferFull
Event: 3551.578 Executing VM operation: ICBufferFull done
Event: 3551.894 Executing VM operation: HandshakeAllThreads
Event: 3551.894 Executing VM operation: HandshakeAllThreads done
Event: 3552.027 Executing VM operation: ICBufferFull
Event: 3552.028 Executing VM operation: ICBufferFull done
Event: 3554.028 Executing VM operation: Cleanup
Event: 3554.029 Executing VM operation: Cleanup done
Event: 3566.812 Executing VM operation: HandshakeAllThreads
Event: 3566.815 Executing VM operation: HandshakeAllThreads done
Event: 3566.815 Executing VM operation: Cleanup
Event: 3566.816 Executing VM operation: Cleanup done
Event: 3567.816 Executing VM operation: Cleanup
Event: 3567.816 Executing VM operation: Cleanup done
Event: 3568.708 Executing VM operation: G1CollectForAllocation
Event: 3568.794 Executing VM operation: G1CollectForAllocation done
Event: 3568.866 Executing VM operation: G1CollectForAllocation
Event: 3568.980 Executing VM operation: G1CollectForAllocation done
Event: 3569.792 Executing VM operation: G1CollectForAllocation

Events (20 events):
Event: 3566.945 Thread 0x00000246b5157490 flushing nmethod 0x000002469fa0b010
Event: 3566.945 Thread 0x00000246b5157490 flushing nmethod 0x000002469fa0cb90
Event: 3566.945 Thread 0x00000246b5157490 flushing nmethod 0x000002469fa1a290
Event: 3566.945 Thread 0x00000246b5157490 flushing nmethod 0x000002469fa1a990
Event: 3566.945 Thread 0x00000246b5157490 flushing nmethod 0x000002469fa2e690
Event: 3566.946 Thread 0x00000246b5157490 flushing nmethod 0x000002469fa36610
Event: 3566.946 Thread 0x00000246b5157490 flushing nmethod 0x000002469fa89d90
Event: 3566.947 Thread 0x00000246b5157490 flushing nmethod 0x000002469fb0a690
Event: 3566.947 Thread 0x00000246b5157490 flushing nmethod 0x000002469fb47910
Event: 3566.947 Thread 0x00000246b5157490 flushing nmethod 0x000002469fb7bb90
Event: 3566.951 Thread 0x00000246b5157490 flushing nmethod 0x000002469fe19a90
Event: 3566.952 Thread 0x00000246b5157490 flushing nmethod 0x000002469fea5e90
Event: 3566.961 Thread 0x00000246b5157490 flushing nmethod 0x00000246a05ce910
Event: 3566.963 Thread 0x00000246b5157490 flushing nmethod 0x00000246a0734d90
Event: 3566.968 Thread 0x00000246b5157490 flushing nmethod 0x00000246a0af0990
Event: 3566.973 Thread 0x00000246b5157490 flushing nmethod 0x00000246a0d43610
Event: 3566.974 Thread 0x00000246b5157490 flushing nmethod 0x00000246a0daf510
Event: 3566.976 Thread 0x00000246b5157490 flushing nmethod 0x00000246a0eac490
Event: 3566.977 Thread 0x00000246b5157490 flushing nmethod 0x00000246a0ed2a90
Event: 3568.810 Thread 0x00000246bfbf9e00 Thread exited: 0x00000246bfbf9e00


Dynamic libraries:
0x00007ff7a9da0000 - 0x00007ff7a9dae000 	C:\Program Files\Java\jdk-17\bin\java.exe
0x00007fff2bb40000 - 0x00007fff2bda8000 	C:\WINDOWS\SYSTEM32\ntdll.dll
0x00007fff2a670000 - 0x00007fff2a739000 	C:\WINDOWS\System32\KERNEL32.DLL
0x00007fff29300000 - 0x00007fff296f2000 	C:\WINDOWS\System32\KERNELBASE.dll
0x00007fff28d90000 - 0x00007fff28edb000 	C:\WINDOWS\System32\ucrtbase.dll
0x00007ffedc350000 - 0x00007ffedc36a000 	C:\Program Files\Java\jdk-17\bin\VCRUNTIME140.dll
0x00007ffee07f0000 - 0x00007ffee0808000 	C:\Program Files\Java\jdk-17\bin\jli.dll
0x00007fff29fa0000 - 0x00007fff2a165000 	C:\WINDOWS\System32\USER32.dll
0x00007fff29700000 - 0x00007fff29727000 	C:\WINDOWS\System32\win32u.dll
0x00007fff0fde0000 - 0x00007fff10073000 	C:\WINDOWS\WinSxS\amd64_microsoft.windows.common-controls_6595b64144ccf1df_6.0.26100.6899_none_3e0efeeae32e88c1\COMCTL32.dll
0x00007fff2a740000 - 0x00007fff2a7e9000 	C:\WINDOWS\System32\msvcrt.dll
0x00007fff2a800000 - 0x00007fff2a82b000 	C:\WINDOWS\System32\GDI32.dll
0x00007fff291d0000 - 0x00007fff292fd000 	C:\WINDOWS\System32\gdi32full.dll
0x00007fff297d0000 - 0x00007fff29873000 	C:\WINDOWS\System32\msvcp_win.dll
0x00007fff2a900000 - 0x00007fff2a92f000 	C:\WINDOWS\System32\IMM32.DLL
0x00007fff22ee0000 - 0x00007fff22eec000 	C:\Program Files\Java\jdk-17\bin\vcruntime140_1.dll
0x00007ffed3f30000 - 0x00007ffed3fbd000 	C:\Program Files\Java\jdk-17\bin\msvcp140.dll
0x00007ffe7bfa0000 - 0x00007ffe7cb60000 	C:\Program Files\Java\jdk-17\bin\server\jvm.dll
0x00007fff2a830000 - 0x00007fff2a8e4000 	C:\WINDOWS\System32\ADVAPI32.dll
0x00007fff2b9a0000 - 0x00007fff2ba46000 	C:\WINDOWS\System32\sechost.dll
0x00007fff2a550000 - 0x00007fff2a668000 	C:\WINDOWS\System32\RPCRT4.dll
0x00007fff299a0000 - 0x00007fff299a8000 	C:\WINDOWS\System32\PSAPI.DLL
0x00007fff204a0000 - 0x00007fff204d5000 	C:\WINDOWS\SYSTEM32\WINMM.dll
0x00007fff223b0000 - 0x00007fff223bb000 	C:\WINDOWS\SYSTEM32\VERSION.dll
0x00007fff0fd30000 - 0x00007fff0fd3a000 	C:\WINDOWS\SYSTEM32\WSOCK32.dll
0x00007fff2b8b0000 - 0x00007fff2b924000 	C:\WINDOWS\System32\WS2_32.dll
0x00007fff27aa0000 - 0x00007fff27abb000 	C:\WINDOWS\SYSTEM32\kernel.appcore.dll
0x00007ffee6cc0000 - 0x00007ffee6cca000 	C:\Program Files\Java\jdk-17\bin\jimage.dll
0x00007fff26340000 - 0x00007fff26582000 	C:\WINDOWS\SYSTEM32\DBGHELP.DLL
0x00007fff2a1d0000 - 0x00007fff2a54b000 	C:\WINDOWS\System32\combase.dll
0x00007fff2a990000 - 0x00007fff2aa67000 	C:\WINDOWS\System32\OLEAUT32.dll
0x00007ffefd140000 - 0x00007ffefd17c000 	C:\WINDOWS\SYSTEM32\dbgcore.DLL
0x00007fff29730000 - 0x00007fff297c8000 	C:\WINDOWS\System32\bcryptPrimitives.dll
0x00007ffee66d0000 - 0x00007ffee66de000 	C:\Program Files\Java\jdk-17\bin\instrument.dll
0x00007ffed9430000 - 0x00007ffed9455000 	C:\Program Files\Java\jdk-17\bin\java.dll
0x00007ffed12e0000 - 0x00007ffed13b6000 	C:\Program Files\Java\jdk-17\bin\svml.dll
0x00007fff2aa90000 - 0x00007fff2b1dd000 	C:\WINDOWS\System32\SHELL32.dll
0x00007fff29060000 - 0x00007fff291cb000 	C:\WINDOWS\System32\wintypes.dll
0x00007fff26900000 - 0x00007fff2715d000 	C:\WINDOWS\SYSTEM32\windows.storage.dll
0x00007fff2b6a0000 - 0x00007fff2b792000 	C:\WINDOWS\System32\SHCORE.dll
0x00007fff2b930000 - 0x00007fff2b992000 	C:\WINDOWS\System32\shlwapi.dll
0x00007fff28bf0000 - 0x00007fff28c19000 	C:\WINDOWS\SYSTEM32\profapi.dll
0x00007ffeda2a0000 - 0x00007ffeda2b8000 	C:\Program Files\Java\jdk-17\bin\zip.dll
0x00007ffeda0b0000 - 0x00007ffeda0c9000 	C:\Program Files\Java\jdk-17\bin\net.dll
0x00007fff227c0000 - 0x00007fff228df000 	C:\WINDOWS\SYSTEM32\WINHTTP.dll
0x00007fff28010000 - 0x00007fff2807b000 	C:\WINDOWS\system32\mswsock.dll
0x00007ffed9410000 - 0x00007ffed9425000 	C:\Program Files\Java\jdk-17\bin\nio.dll
0x00007ffee62e0000 - 0x00007ffee62f0000 	C:\Program Files\Java\jdk-17\bin\verify.dll
0x00007ffedc370000 - 0x00007ffedc397000 	C:\Users\Dell\.gradle\native\c067742578af261105cb4f569cf0c3c89f3d7b1fecec35dd04571415982c5e48\windows-amd64\native-platform.dll
0x00007ffece920000 - 0x00007ffecea64000 	C:\Users\Dell\.gradle\native\100fb08df4bc3b14c8652ba06237920a3bd2aa13389f12d3474272988ae205f9\windows-amd64\native-platform-file-events.dll
0x00007fff21ce0000 - 0x00007fff21ce9000 	C:\Program Files\Java\jdk-17\bin\management.dll
0x00007fff21cd0000 - 0x00007fff21cdb000 	C:\Program Files\Java\jdk-17\bin\management_ext.dll
0x00007fff282d0000 - 0x00007fff282eb000 	C:\WINDOWS\SYSTEM32\CRYPTSP.dll
0x00007fff27a00000 - 0x00007fff27a3b000 	C:\WINDOWS\system32\rsaenh.dll
0x00007fff280b0000 - 0x00007fff280db000 	C:\WINDOWS\SYSTEM32\USERENV.dll
0x00007fff28bc0000 - 0x00007fff28be6000 	C:\WINDOWS\SYSTEM32\bcrypt.dll
0x00007fff282c0000 - 0x00007fff282cc000 	C:\WINDOWS\SYSTEM32\CRYPTBASE.dll
0x00007fff274d0000 - 0x00007fff27504000 	C:\WINDOWS\SYSTEM32\IPHLPAPI.DLL
0x00007fff2b8a0000 - 0x00007fff2b8aa000 	C:\WINDOWS\System32\NSI.dll
0x00007fff23740000 - 0x00007fff2375e000 	C:\WINDOWS\SYSTEM32\dhcpcsvc6.DLL
0x00007fff23710000 - 0x00007fff23733000 	C:\WINDOWS\SYSTEM32\dhcpcsvc.DLL
0x00007fff27570000 - 0x00007fff27696000 	C:\WINDOWS\SYSTEM32\DNSAPI.dll
0x00007fff21cc0000 - 0x00007fff21cce000 	C:\Program Files\Java\jdk-17\bin\sunmscapi.dll
0x00007fff28ee0000 - 0x00007fff29057000 	C:\WINDOWS\System32\CRYPT32.dll
0x00007fff284e0000 - 0x00007fff28510000 	C:\WINDOWS\SYSTEM32\ncrypt.dll
0x00007fff28490000 - 0x00007fff284cf000 	C:\WINDOWS\SYSTEM32\NTASN1.dll
0x00007ffef27a0000 - 0x00007ffef27a8000 	C:\WINDOWS\system32\wshunix.dll
0x00007fff00500000 - 0x00007fff00518000 	C:\WINDOWS\system32\napinsp.dll
0x00007fff004e0000 - 0x00007fff004f2000 	C:\WINDOWS\System32\winrnr.dll
0x00007fff004b0000 - 0x00007fff004d8000 	C:\WINDOWS\system32\nlansp_c.dll
0x00007fff00490000 - 0x00007fff004a6000 	C:\WINDOWS\system32\wshbth.dll
0x00007fff22480000 - 0x00007fff2248b000 	C:\Windows\System32\rasadhlp.dll
0x00007fff239d0000 - 0x00007fff23a56000 	C:\WINDOWS\System32\fwpuclnt.dll
0x00007fff17a20000 - 0x00007fff17a27000 	C:\Program Files\Java\jdk-17\bin\rmi.dll
0x00007fff27bc0000 - 0x00007fff27bf6000 	C:\WINDOWS\SYSTEM32\ntmarta.dll

dbghelp: loaded successfully - version: 4.0.5 - missing functions: none
symbol engine: initialized successfully - sym options: 0x614 - pdb path: .;C:\Program Files\Java\jdk-17\bin;C:\WINDOWS\SYSTEM32;C:\WINDOWS\WinSxS\amd64_microsoft.windows.common-controls_6595b64144ccf1df_6.0.26100.6899_none_3e0efeeae32e88c1;C:\Program Files\Java\jdk-17\bin\server;C:\Users\Dell\.gradle\native\c067742578af261105cb4f569cf0c3c89f3d7b1fecec35dd04571415982c5e48\windows-amd64;C:\Users\Dell\.gradle\native\100fb08df4bc3b14c8652ba06237920a3bd2aa13389f12d3474272988ae205f9\windows-amd64

VM Arguments:
jvm_args: --add-opens=java.base/java.lang=ALL-UNNAMED --add-opens=java.base/java.lang.invoke=ALL-UNNAMED --add-opens=java.base/java.util=ALL-UNNAMED --add-opens=java.prefs/java.util.prefs=ALL-UNNAMED --add-exports=jdk.compiler/com.sun.tools.javac.api=ALL-UNNAMED --add-exports=jdk.compiler/com.sun.tools.javac.util=ALL-UNNAMED --add-opens=java.base/java.util=ALL-UNNAMED --add-opens=java.prefs/java.util.prefs=ALL-UNNAMED --add-opens=java.base/java.nio.charset=ALL-UNNAMED --add-opens=java.base/java.net=ALL-UNNAMED --add-opens=java.base/java.util.concurrent.atomic=ALL-UNNAMED --add-opens=java.xml/javax.xml.namespace=ALL-UNNAMED -Xmx2048m -Dfile.encoding=UTF-8 -Duser.country=IN -Duser.language=en -Duser.variant -javaagent:C:\Users\Dell\.gradle\wrapper\dists\gradle-8.11.1-bin\bpt9gzteqjrbo1mjrsomdt32c\gradle-8.11.1\lib\agents\gradle-instrumentation-agent-8.11.1.jar 
java_command: org.gradle.launcher.daemon.bootstrap.GradleDaemon 8.11.1
java_class_path (initial): C:\Users\Dell\.gradle\wrapper\dists\gradle-8.11.1-bin\bpt9gzteqjrbo1mjrsomdt32c\gradle-8.11.1\lib\gradle-daemon-main-8.11.1.jar
Launcher Type: SUN_STANDARD

[Global flags]
     intx CICompilerCount                          = 4                                         {product} {ergonomic}
     uint ConcGCThreads                            = 2                                         {product} {ergonomic}
     uint G1ConcRefinementThreads                  = 8                                         {product} {ergonomic}
   size_t G1HeapRegionSize                         = 1048576                                   {product} {ergonomic}
    uintx GCDrainStackTargetSize                   = 64                                        {product} {ergonomic}
   size_t InitialHeapSize                          = 130023424                                 {product} {ergonomic}
   size_t MarkStackSize                            = 4194304                                   {product} {ergonomic}
   size_t MaxHeapSize                              = 2147483648                                {product} {command line}
   size_t MaxNewSize                               = 1287651328                                {product} {ergonomic}
   size_t MinHeapDeltaBytes                        = 1048576                                   {product} {ergonomic}
   size_t MinHeapSize                              = 8388608                                   {product} {ergonomic}
    uintx NonNMethodCodeHeapSize                   = 5839372                                {pd product} {ergonomic}
    uintx NonProfiledCodeHeapSize                  = 122909434                              {pd product} {ergonomic}
    uintx ProfiledCodeHeapSize                     = 122909434                              {pd product} {ergonomic}
    uintx ReservedCodeCacheSize                    = 251658240                              {pd product} {ergonomic}
     bool SegmentedCodeCache                       = true                                      {product} {ergonomic}
   size_t SoftMaxHeapSize                          = 2147483648                             {manageable} {ergonomic}
     bool UseCompressedClassPointers               = true                           {product lp64_product} {ergonomic}
     bool UseCompressedOops                        = true                           {product lp64_product} {ergonomic}
     bool UseG1GC                                  = true                                      {product} {ergonomic}
     bool UseLargePagesIndividualAllocation        = false                                  {pd product} {ergonomic}

Logging:
Log output configuration:
 #0: stdout all=warning uptime,level,tags
 #1: stderr all=off uptime,level,tags

Environment Variables:
JAVA_HOME="C:\Program Files\Java\jdk-17"
PATH=%JAVA_HOME%\bin;C:\WINDOWS\system32;C:\Program Files\Common Files\Oracle\Java\javapath;C:\WINDOWS;C:\WINDOWS\System32\Wbem;C:\WINDOWS\System32\WindowsPowerShell\v1.0\;C:\WINDOWS\System32\OpenSSH\;C:\Program Files\dotnet\;C:\MinGW\bin;C:\Program Files\Git\cmd;C:\Program Files\nodejs\;C:\ProgramData\chocolatey\bin;C:\Users\Dell\AppData\Local\Microsoft\WindowsApps;C:\Users\Dell\AppData\Local\Programs\Microsoft VS Code\bin;C:\Users\Dell\AppData\Local\GitHubDesktop\bin;C:\Users\Dell\AppData\Roaming\npm;C:\flutter\src\flutter\bin;D:\projects;
USERNAME=Dell
OS=Windows_NT
PROCESSOR_IDENTIFIER=Intel64 Family 6 Model 140 Stepping 1, GenuineIntel



---------------  S Y S T E M  ---------------

OS:
 Windows 10 , 64 bit Build 26100 (10.0.26100.6725)
OS uptime: 14 days 22:02 hours
Hyper-V role detected

CPU: total 8 (initial active 8) (4 cores per cpu, 2 threads per core) family 6 model 140 stepping 1 microcode 0xbc, cx8, cmov, fxsr, ht, mmx, 3dnowpref, sse, sse2, sse3, ssse3, sse4.1, sse4.2, popcnt, lzcnt, tsc, tscinvbit, avx, avx2, aes, erms, clmul, bmi1, bmi2, adx, avx512f, avx512dq, avx512cd, avx512bw, avx512vl, sha, fma, vzeroupper, avx512_vpopcntdq, avx512_vpclmulqdq, avx512_vaes, avx512_vnni, clflush, clflushopt, clwb, avx512_vbmi2, avx512_vbmi, hv

Memory: 4k page, system-wide physical 7926M (1032M free)
TotalPageFile size 32502M (AvailPageFile size 419M)
current process WorkingSet (physical memory assigned to process): 530M, peak: 834M
current process commit charge ("private bytes"): 1023M, peak: 1619M

vm_info: OpenJDK 64-Bit Server VM (17.0.0.1+2-3) for windows-amd64 JRE (17.0.0.1+2-3), built on May  8 2024 19:05:00 by "mach5one" with MS VC++ 16.8 (VS2019)

END.
