#
# There is insufficient memory for the Java Runtime Environment to continue.
# Native memory allocation (malloc) failed to allocate 746096 bytes for Chunk::new
# Possible reasons:
#   The system is out of physical RAM or swap space
#   The process is running with CompressedOops enabled, and the Java Heap may be blocking the growth of the native heap
# Possible solutions:
#   Reduce memory load on the system
#   Increase physical memory or swap space
#   Check if swap backing store is full
#   Decrease Java heap size (-Xmx/-Xms)
#   Decrease number of Java threads
#   Decrease Java thread stack sizes (-Xss)
#   Set larger code cache with -XX:ReservedCodeCacheSize=
#   JVM is running with Unscaled Compressed Oops mode in which the Java heap is
#     placed in the first 4GB address space. The Java Heap base address is the
#     maximum limit for the native heap growth. Please use -XX:HeapBaseMinAddress
#     to set the Java Heap base and to place the Java Heap above 4GB virtual address.
# This output file may be truncated or incomplete.
#
#  Out of Memory Error (arena.cpp:189), pid=2480, tid=12228
#
# JRE version: OpenJDK Runtime Environment (17.0.0.1+2) (build 17.0.0.1+2-3)
# Java VM: OpenJDK 64-Bit Server VM (17.0.0.1+2-3, mixed mode, sharing, tiered, compressed oops, compressed class ptrs, g1 gc, windows-amd64)
# No core dump will be written. Minidumps are not enabled by default on client versions of Windows
#

---------------  S U M M A R Y ------------

Command Line: --add-opens=java.base/java.lang=ALL-UNNAMED --add-opens=java.base/java.lang.invoke=ALL-UNNAMED --add-opens=java.base/java.util=ALL-UNNAMED --add-opens=java.prefs/java.util.prefs=ALL-UNNAMED --add-exports=jdk.compiler/com.sun.tools.javac.api=ALL-UNNAMED --add-exports=jdk.compiler/com.sun.tools.javac.util=ALL-UNNAMED --add-opens=java.base/java.util=ALL-UNNAMED --add-opens=java.prefs/java.util.prefs=ALL-UNNAMED --add-opens=java.base/java.nio.charset=ALL-UNNAMED --add-opens=java.base/java.net=ALL-UNNAMED --add-opens=java.base/java.util.concurrent.atomic=ALL-UNNAMED --add-opens=java.xml/javax.xml.namespace=ALL-UNNAMED -Xmx2048m -Dfile.encoding=UTF-8 -Duser.country=IN -Duser.language=en -Duser.variant -javaagent:C:\Users\Dell\.gradle\wrapper\dists\gradle-8.11.1-bin\bpt9gzteqjrbo1mjrsomdt32c\gradle-8.11.1\lib\agents\gradle-instrumentation-agent-8.11.1.jar org.gradle.launcher.daemon.bootstrap.GradleDaemon 8.11.1

Host: 11th Gen Intel(R) Core(TM) i5-1135G7 @ 2.40GHz, 8 cores, 7G,  Windows 10 , 64 bit Build 26100 (10.0.26100.6725)
Time: Thu Oct 30 23:03:41 2025 India Standard Time elapsed time: 301.172425 seconds (0d 0h 5m 1s)

---------------  T H R E A D  ---------------

Current thread (0x00000286eb1b7f30):  JavaThread "C2 CompilerThread0" daemon [_thread_in_native, id=12228, stack(0x000000ade3f00000,0x000000ade4000000)]


Current CompileTask:
C2: 301172 17064       4       org.gradle.api.internal.artifacts.transform.AttributeMatchingArtifactVariantSelector::doSelect (247 bytes)

Stack: [0x000000ade3f00000,0x000000ade4000000]
Native frames: (J=compiled Java code, j=interpreted, Vv=VM code, C=native code)
V  [jvm.dll+0x66f8ea]
V  [jvm.dll+0x7ce224]
V  [jvm.dll+0x7cf9ce]
V  [jvm.dll+0x7d0033]
V  [jvm.dll+0x242bb5]
V  [jvm.dll+0xaa05b]
V  [jvm.dll+0xaa5ec]
V  [jvm.dll+0x2a954f]
V  [jvm.dll+0x5784b9]
V  [jvm.dll+0x21de2d]
V  [jvm.dll+0x217789]
V  [jvm.dll+0x214fb5]
V  [jvm.dll+0x1a168d]
V  [jvm.dll+0x2248f8]
V  [jvm.dll+0x222a5c]
V  [jvm.dll+0x78422b]
V  [jvm.dll+0x77e7ea]
V  [jvm.dll+0x66e715]
C  [ucrtbase.dll+0x37b0]
C  [KERNEL32.DLL+0x2e8d7]
C  [ntdll.dll+0x8c53c]


---------------  P R O C E S S  ---------------

Threads class SMR info:
_java_thread_list=0x00000286f7964a30, length=47, elements={
0x00000286cb0f7bc0, 0x00000286eb19d840, 0x00000286eb19ed70, 0x00000286eb1b38f0,
0x00000286eb1b61c0, 0x00000286eb1b6a80, 0x00000286eb1b7340, 0x00000286eb1b7f30,
0x00000286eb215dc0, 0x00000286eb22e2a0, 0x00000286ebc8a550, 0x00000286ebcfb790,
0x00000286ec9de200, 0x00000286ed023a80, 0x00000286ed26d0d0, 0x00000286ed25eee0,
0x00000286ed25fd50, 0x00000286ed25f880, 0x00000286ed261a30, 0x00000286ef98f320,
0x00000286ef98fcc0, 0x00000286ef9914d0, 0x00000286ef990b30, 0x00000286ef9919a0,
0x00000286ef992340, 0x00000286ef991000, 0x00000286ef98e980, 0x00000286ef992810,
0x00000286ef990660, 0x00000286efc58bd0, 0x00000286efda6a00, 0x00000286efda7d40,
0x00000286efdaa890, 0x00000286efda7870, 0x00000286efda9550, 0x00000286efdaad60,
0x00000286efda8210, 0x00000286efda73a0, 0x00000286efdad3e0, 0x00000286efdab230,
0x00000286efdab700, 0x00000286efdad8b0, 0x00000286efdac570, 0x00000286efdabbd0,
0x00000286efdac0a0, 0x00000286efdaca40, 0x00000286efdacf10
}

Java Threads: ( => current thread )
  0x00000286cb0f7bc0 JavaThread "main" [_thread_blocked, id=10852, stack(0x000000ade3200000,0x000000ade3300000)]
  0x00000286eb19d840 JavaThread "Reference Handler" daemon [_thread_blocked, id=9568, stack(0x000000ade3900000,0x000000ade3a00000)]
  0x00000286eb19ed70 JavaThread "Finalizer" daemon [_thread_blocked, id=11508, stack(0x000000ade3a00000,0x000000ade3b00000)]
  0x00000286eb1b38f0 JavaThread "Signal Dispatcher" daemon [_thread_blocked, id=16128, stack(0x000000ade3b00000,0x000000ade3c00000)]
  0x00000286eb1b61c0 JavaThread "Attach Listener" daemon [_thread_blocked, id=25868, stack(0x000000ade3c00000,0x000000ade3d00000)]
  0x00000286eb1b6a80 JavaThread "Service Thread" daemon [_thread_blocked, id=19552, stack(0x000000ade3d00000,0x000000ade3e00000)]
  0x00000286eb1b7340 JavaThread "Monitor Deflation Thread" daemon [_thread_blocked, id=25152, stack(0x000000ade3e00000,0x000000ade3f00000)]
=>0x00000286eb1b7f30 JavaThread "C2 CompilerThread0" daemon [_thread_in_native, id=12228, stack(0x000000ade3f00000,0x000000ade4000000)]
  0x00000286eb215dc0 JavaThread "C1 CompilerThread0" daemon [_thread_blocked, id=12892, stack(0x000000ade4000000,0x000000ade4100000)]
  0x00000286eb22e2a0 JavaThread "Sweeper thread" daemon [_thread_blocked, id=22848, stack(0x000000ade4100000,0x000000ade4200000)]
  0x00000286ebc8a550 JavaThread "Common-Cleaner" daemon [_thread_blocked, id=26156, stack(0x000000ade4200000,0x000000ade4300000)]
  0x00000286ebcfb790 JavaThread "Notification Thread" daemon [_thread_blocked, id=20384, stack(0x000000ade4300000,0x000000ade4400000)]
  0x00000286ec9de200 JavaThread "Daemon health stats" [_thread_blocked, id=3916, stack(0x000000ade4900000,0x000000ade4a00000)]
  0x00000286ed023a80 JavaThread "Incoming local TCP Connector on port 61593" [_thread_in_native, id=608, stack(0x000000ade4a00000,0x000000ade4b00000)]
  0x00000286ed26d0d0 JavaThread "Daemon periodic checks" [_thread_blocked, id=10744, stack(0x000000ade4b00000,0x000000ade4c00000)]
  0x00000286ed25eee0 JavaThread "Cache worker for journal cache (C:\Users\Dell\.gradle\caches\journal-1)" [_thread_blocked, id=11296, stack(0x000000ade5300000,0x000000ade5400000)]
  0x00000286ed25fd50 JavaThread "File lock request listener" [_thread_in_native, id=25468, stack(0x000000ade5400000,0x000000ade5500000)]
  0x00000286ed25f880 JavaThread "Cache worker for file hash cache (C:\Users\Dell\.gradle\caches\8.11.1\fileHashes)" [_thread_blocked, id=22116, stack(0x000000ade5600000,0x000000ade5700000)]
  0x00000286ed261a30 JavaThread "Cache worker for file content cache (C:\Users\Dell\.gradle\caches\8.11.1\fileContent)" [_thread_blocked, id=23628, stack(0x000000ade5c00000,0x000000ade5d00000)]
  0x00000286ef98f320 JavaThread "File watcher server" daemon [_thread_in_native, id=24316, stack(0x000000ade6000000,0x000000ade6100000)]
  0x00000286ef98fcc0 JavaThread "File watcher consumer" daemon [_thread_blocked, id=9372, stack(0x000000ade6100000,0x000000ade6200000)]
  0x00000286ef9914d0 JavaThread "jar transforms" [_thread_blocked, id=8308, stack(0x000000ade6300000,0x000000ade6400000)]
  0x00000286ef990b30 JavaThread "jar transforms Thread 2" [_thread_blocked, id=20528, stack(0x000000ade6400000,0x000000ade6500000)]
  0x00000286ef9919a0 JavaThread "jar transforms Thread 3" [_thread_blocked, id=22132, stack(0x000000ade6500000,0x000000ade6600000)]
  0x00000286ef992340 JavaThread "jar transforms Thread 4" [_thread_blocked, id=7972, stack(0x000000ade6600000,0x000000ade6700000)]
  0x00000286ef991000 JavaThread "jar transforms Thread 5" [_thread_blocked, id=26688, stack(0x000000ade6700000,0x000000ade6800000)]
  0x00000286ef98e980 JavaThread "jar transforms Thread 6" [_thread_blocked, id=14368, stack(0x000000ade6800000,0x000000ade6900000)]
  0x00000286ef992810 JavaThread "jar transforms Thread 7" [_thread_blocked, id=27164, stack(0x000000ade6900000,0x000000ade6a00000)]
  0x00000286ef990660 JavaThread "jar transforms Thread 8" [_thread_blocked, id=15112, stack(0x000000ade6a00000,0x000000ade6b00000)]
  0x00000286efc58bd0 JavaThread "Memory manager" [_thread_blocked, id=5560, stack(0x000000adea200000,0x000000adea300000)]
  0x00000286efda6a00 JavaThread "Daemon Thread 2" [_thread_blocked, id=17280, stack(0x000000ade3100000,0x000000ade3200000)]
  0x00000286efda7d40 JavaThread "Handler for socket connection from /127.0.0.1:61593 to /127.0.0.1:51684" [_thread_in_native, id=22524, stack(0x000000ade4c00000,0x000000ade4d00000)]
  0x00000286efdaa890 JavaThread "Cancel handler" [_thread_blocked, id=24168, stack(0x000000ade4d00000,0x000000ade4e00000)]
  0x00000286efda7870 JavaThread "Daemon worker Thread 2" [_thread_blocked, id=26632, stack(0x000000ade4e00000,0x000000ade4f00000)]
  0x00000286efda9550 JavaThread "Asynchronous log dispatcher for DefaultDaemonConnection: socket connection from /127.0.0.1:61593 to /127.0.0.1:51684" [_thread_blocked, id=2316, stack(0x000000ade4f00000,0x000000ade5000000)]
  0x00000286efdaad60 JavaThread "Stdin handler" [_thread_blocked, id=13344, stack(0x000000ade5000000,0x000000ade5100000)]
  0x00000286efda8210 JavaThread "Daemon client event forwarder" [_thread_blocked, id=5760, stack(0x000000ade5100000,0x000000ade5200000)]
  0x00000286efda73a0 JavaThread "Cache worker for file hash cache (D:\Face_recognition\.gradle\8.11.1\fileHashes)" [_thread_blocked, id=21472, stack(0x000000ade5200000,0x000000ade5300000)]
  0x00000286efdad3e0 JavaThread "Cache worker for Build Output Cleanup Cache (D:\Face_recognition\.gradle\buildOutputCleanup)" [_thread_blocked, id=25280, stack(0x000000ade5500000,0x000000ade5600000)]
  0x00000286efdab230 JavaThread "Cache worker for checksums cache (D:\Face_recognition\.gradle\8.11.1\checksums)" [_thread_blocked, id=14824, stack(0x000000ade5700000,0x000000ade5800000)]
  0x00000286efdab700 JavaThread "Cache worker for cache directory md-rule (C:\Users\Dell\.gradle\caches\8.11.1\md-rule)" [_thread_blocked, id=21444, stack(0x000000ade5800000,0x000000ade5900000)]
  0x00000286efdad8b0 JavaThread "Cache worker for cache directory md-supplier (C:\Users\Dell\.gradle\caches\8.11.1\md-supplier)" [_thread_blocked, id=15312, stack(0x000000ade5d00000,0x000000ade5e00000)]
  0x00000286efdac570 JavaThread "File lock release action executor Thread 2" [_thread_blocked, id=24180, stack(0x000000ade5e00000,0x000000ade5f00000)]
  0x00000286efdabbd0 JavaThread "Unconstrained build operations" [_thread_blocked, id=22460, stack(0x000000ade6200000,0x000000ade6300000)]
  0x00000286efdac0a0 JavaThread "Unconstrained build operations Thread 2" [_thread_blocked, id=27028, stack(0x000000ade6b00000,0x000000ade6c00000)]
  0x00000286efdaca40 JavaThread "Unconstrained build operations Thread 3" [_thread_blocked, id=19688, stack(0x000000ade6c00000,0x000000ade6d00000)]
  0x00000286efdacf10 JavaThread "Unconstrained build operations Thread 4" [_thread_blocked, id=22168, stack(0x000000ade6d00000,0x000000ade6e00000)]

Other Threads:
  0x00000286eb195160 VMThread "VM Thread" [stack: 0x000000ade3800000,0x000000ade3900000] [id=25776]
  0x00000286ebd14d60 WatcherThread [stack: 0x000000ade4400000,0x000000ade4500000] [id=26176]
  0x00000286cb06e800 GCTaskThread "GC Thread#0" [stack: 0x000000ade3300000,0x000000ade3400000] [id=23144]
  0x00000286ec191240 GCTaskThread "GC Thread#1" [stack: 0x000000ade4500000,0x000000ade4600000] [id=11104]
  0x00000286ebf0cf70 GCTaskThread "GC Thread#2" [stack: 0x000000ade4600000,0x000000ade4700000] [id=15632]
  0x00000286eca7cc60 GCTaskThread "GC Thread#3" [stack: 0x000000ade4700000,0x000000ade4800000] [id=13052]
  0x00000286ec8ecb20 GCTaskThread "GC Thread#4" [stack: 0x000000ade4800000,0x000000ade4900000] [id=12440]
  0x00000286ef3267a0 GCTaskThread "GC Thread#5" [stack: 0x000000ade5900000,0x000000ade5a00000] [id=16412]
  0x00000286eebc4f80 GCTaskThread "GC Thread#6" [stack: 0x000000ade5a00000,0x000000ade5b00000] [id=4880]
  0x00000286ef89b8e0 GCTaskThread "GC Thread#7" [stack: 0x000000ade5b00000,0x000000ade5c00000] [id=1812]
  0x00000286cb143cc0 ConcurrentGCThread "G1 Main Marker" [stack: 0x000000ade3400000,0x000000ade3500000] [id=25856]
  0x00000286cb1445e0 ConcurrentGCThread "G1 Conc#0" [stack: 0x000000ade3500000,0x000000ade3600000] [id=22540]
  0x00000286ee808af0 ConcurrentGCThread "G1 Conc#1" [stack: 0x000000ade5f00000,0x000000ade6000000] [id=3376]
  0x00000286eb050090 ConcurrentGCThread "G1 Refine#0" [stack: 0x000000ade3600000,0x000000ade3700000] [id=22604]
  0x00000286eea2a360 ConcurrentGCThread "G1 Refine#1" [stack: 0x000000ade3000000,0x000000ade3100000] [id=2640]
  0x00000286eea29bf0 ConcurrentGCThread "G1 Refine#2" [stack: 0x000000ade8500000,0x000000ade8600000] [id=20576]
  0x00000286eb0509c0 ConcurrentGCThread "G1 Service" [stack: 0x000000ade3700000,0x000000ade3800000] [id=12984]

Threads with active compile tasks:
C2 CompilerThread0   301209 17064       4       org.gradle.api.internal.artifacts.transform.AttributeMatchingArtifactVariantSelector::doSelect (247 bytes)

VM state: not at safepoint (normal execution)

VM Mutex/Monitor currently owned by a thread: None

Heap address: 0x0000000080000000, size: 2048 MB, Compressed Oops mode: 32-bit

CDS archive(s) mapped at: [0x0000000800000000-0x0000000800bc0000-0x0000000800bc0000), size 12320768, SharedBaseAddress: 0x0000000800000000, ArchiveRelocationMode: 0.
Compressed class space mapped at: 0x0000000800c00000-0x0000000840c00000, reserved size: 1073741824
Narrow klass base: 0x0000000800000000, Narrow klass shift: 0, Narrow klass range: 0x100000000

GC Precious Log:
 CPUs: 8 total, 8 available
 Memory: 7926M
 Large Page Support: Disabled
 NUMA Support: Disabled
 Compressed Oops: Enabled (32-bit)
 Heap Region Size: 1M
 Heap Min Capacity: 8M
 Heap Initial Capacity: 124M
 Heap Max Capacity: 2G
 Pre-touch: Disabled
 Parallel Workers: 8
 Concurrent Workers: 2
 Concurrent Refinement Workers: 8
 Periodic GC: Disabled

Heap:
 garbage-first heap   total 423936K, used 215054K [0x0000000080000000, 0x0000000100000000)
  region size 1024K, 20 young (20480K), 11 survivors (11264K)
 Metaspace       used 120324K, committed 121536K, reserved 1155072K
  class space    used 16402K, committed 17024K, reserved 1048576K

Heap Regions: E=young(eden), S=young(survivor), O=old, HS=humongous(starts), HC=humongous(continues), CS=collection set, F=free, OA=open archive, CA=closed archive, TAMS=top-at-mark-start (previous, next)
|   0|0x0000000080000000, 0x0000000080100000, 0x0000000080100000|100%|HS|  |TAMS 0x0000000080100000, 0x0000000080000000| Complete 
|   1|0x0000000080100000, 0x0000000080200000, 0x0000000080200000|100%|HC|  |TAMS 0x0000000080200000, 0x0000000080100000| Complete 
|   2|0x0000000080200000, 0x0000000080300000, 0x0000000080300000|100%|HC|  |TAMS 0x0000000080300000, 0x0000000080200000| Complete 
|   3|0x0000000080300000, 0x0000000080400000, 0x0000000080400000|100%| O|  |TAMS 0x0000000080400000, 0x0000000080300000| Untracked 
|   4|0x0000000080400000, 0x0000000080500000, 0x0000000080500000|100%| O|  |TAMS 0x0000000080500000, 0x0000000080400000| Untracked 
|   5|0x0000000080500000, 0x0000000080600000, 0x0000000080600000|100%| O|  |TAMS 0x0000000080600000, 0x0000000080500000| Untracked 
|   6|0x0000000080600000, 0x0000000080700000, 0x0000000080700000|100%|HS|  |TAMS 0x0000000080700000, 0x0000000080600000| Complete 
|   7|0x0000000080700000, 0x0000000080800000, 0x0000000080800000|100%| O|  |TAMS 0x0000000080800000, 0x0000000080700000| Untracked 
|   8|0x0000000080800000, 0x0000000080900000, 0x0000000080900000|100%| O|  |TAMS 0x0000000080900000, 0x0000000080800000| Untracked 
|   9|0x0000000080900000, 0x0000000080a00000, 0x0000000080a00000|100%| O|  |TAMS 0x0000000080a00000, 0x0000000080900000| Untracked 
|  10|0x0000000080a00000, 0x0000000080b00000, 0x0000000080b00000|100%| O|  |TAMS 0x0000000080b00000, 0x0000000080a00000| Untracked 
|  11|0x0000000080b00000, 0x0000000080b00000, 0x0000000080c00000|  0%| F|  |TAMS 0x0000000080b00000, 0x0000000080b00000| Untracked 
|  12|0x0000000080c00000, 0x0000000080d00000, 0x0000000080d00000|100%| O|  |TAMS 0x0000000080d00000, 0x0000000080c00000| Untracked 
|  13|0x0000000080d00000, 0x0000000080e00000, 0x0000000080e00000|100%| O|  |TAMS 0x0000000080e00000, 0x0000000080d00000| Untracked 
|  14|0x0000000080e00000, 0x0000000080f00000, 0x0000000080f00000|100%| O|  |TAMS 0x0000000080f00000, 0x0000000080e00000| Untracked 
|  15|0x0000000080f00000, 0x0000000081000000, 0x0000000081000000|100%| O|  |TAMS 0x0000000081000000, 0x0000000080f00000| Untracked 
|  16|0x0000000081000000, 0x0000000081100000, 0x0000000081100000|100%| O|  |TAMS 0x0000000081100000, 0x0000000081000000| Untracked 
|  17|0x0000000081100000, 0x0000000081200000, 0x0000000081200000|100%| O|  |TAMS 0x0000000081200000, 0x0000000081100000| Untracked 
|  18|0x0000000081200000, 0x0000000081300000, 0x0000000081300000|100%| O|  |TAMS 0x0000000081300000, 0x0000000081200000| Untracked 
|  19|0x0000000081300000, 0x0000000081400000, 0x0000000081400000|100%| O|  |TAMS 0x0000000081400000, 0x0000000081300000| Untracked 
|  20|0x0000000081400000, 0x0000000081500000, 0x0000000081500000|100%|HS|  |TAMS 0x0000000081500000, 0x0000000081400000| Complete 
|  21|0x0000000081500000, 0x0000000081600000, 0x0000000081600000|100%|HS|  |TAMS 0x0000000081600000, 0x0000000081500000| Complete 
|  22|0x0000000081600000, 0x0000000081700000, 0x0000000081700000|100%|HC|  |TAMS 0x0000000081700000, 0x0000000081600000| Complete 
|  23|0x0000000081700000, 0x0000000081800000, 0x0000000081800000|100%|HC|  |TAMS 0x0000000081800000, 0x0000000081700000| Complete 
|  24|0x0000000081800000, 0x0000000081900000, 0x0000000081900000|100%|HC|  |TAMS 0x0000000081900000, 0x0000000081800000| Complete 
|  25|0x0000000081900000, 0x0000000081a00000, 0x0000000081a00000|100%|HC|  |TAMS 0x0000000081a00000, 0x0000000081900000| Complete 
|  26|0x0000000081a00000, 0x0000000081b00000, 0x0000000081b00000|100%|HC|  |TAMS 0x0000000081b00000, 0x0000000081a00000| Complete 
|  27|0x0000000081b00000, 0x0000000081c00000, 0x0000000081c00000|100%|HS|  |TAMS 0x0000000081c00000, 0x0000000081b00000| Complete 
|  28|0x0000000081c00000, 0x0000000081d00000, 0x0000000081d00000|100%|HS|  |TAMS 0x0000000081d00000, 0x0000000081c00000| Complete 
|  29|0x0000000081d00000, 0x0000000081e00000, 0x0000000081e00000|100%|HC|  |TAMS 0x0000000081e00000, 0x0000000081d00000| Complete 
|  30|0x0000000081e00000, 0x0000000081f00000, 0x0000000081f00000|100%|HC|  |TAMS 0x0000000081f00000, 0x0000000081e00000| Complete 
|  31|0x0000000081f00000, 0x0000000082000000, 0x0000000082000000|100%|HC|  |TAMS 0x0000000082000000, 0x0000000081f00000| Complete 
|  32|0x0000000082000000, 0x0000000082100000, 0x0000000082100000|100%|HS|  |TAMS 0x0000000082100000, 0x0000000082000000| Complete 
|  33|0x0000000082100000, 0x0000000082200000, 0x0000000082200000|100%|HC|  |TAMS 0x0000000082200000, 0x0000000082100000| Complete 
|  34|0x0000000082200000, 0x0000000082300000, 0x0000000082300000|100%|HS|  |TAMS 0x0000000082300000, 0x0000000082200000| Complete 
|  35|0x0000000082300000, 0x0000000082400000, 0x0000000082400000|100%|HS|  |TAMS 0x0000000082400000, 0x0000000082300000| Complete 
|  36|0x0000000082400000, 0x0000000082500000, 0x0000000082500000|100%|HC|  |TAMS 0x0000000082500000, 0x0000000082400000| Complete 
|  37|0x0000000082500000, 0x0000000082600000, 0x0000000082600000|100%|HC|  |TAMS 0x0000000082600000, 0x0000000082500000| Complete 
|  38|0x0000000082600000, 0x0000000082700000, 0x0000000082700000|100%|HC|  |TAMS 0x0000000082700000, 0x0000000082600000| Complete 
|  39|0x0000000082700000, 0x0000000082800000, 0x0000000082800000|100%|HC|  |TAMS 0x0000000082800000, 0x0000000082700000| Complete 
|  40|0x0000000082800000, 0x0000000082900000, 0x0000000082900000|100%|HC|  |TAMS 0x0000000082900000, 0x0000000082800000| Complete 
|  41|0x0000000082900000, 0x0000000082a00000, 0x0000000082a00000|100%|HS|  |TAMS 0x0000000082a00000, 0x0000000082900000| Complete 
|  42|0x0000000082a00000, 0x0000000082b00000, 0x0000000082b00000|100%|HS|  |TAMS 0x0000000082b00000, 0x0000000082a00000| Complete 
|  43|0x0000000082b00000, 0x0000000082c00000, 0x0000000082c00000|100%|HC|  |TAMS 0x0000000082c00000, 0x0000000082b00000| Complete 
|  44|0x0000000082c00000, 0x0000000082d00000, 0x0000000082d00000|100%|HC|  |TAMS 0x0000000082d00000, 0x0000000082c00000| Complete 
|  45|0x0000000082d00000, 0x0000000082e00000, 0x0000000082e00000|100%|HC|  |TAMS 0x0000000082e00000, 0x0000000082d00000| Complete 
|  46|0x0000000082e00000, 0x0000000082f00000, 0x0000000082f00000|100%| O|  |TAMS 0x0000000082f00000, 0x0000000082e00000| Untracked 
|  47|0x0000000082f00000, 0x0000000083000000, 0x0000000083000000|100%| O|  |TAMS 0x0000000083000000, 0x0000000082f00000| Untracked 
|  48|0x0000000083000000, 0x0000000083100000, 0x0000000083100000|100%| O|  |TAMS 0x0000000083100000, 0x0000000083000000| Untracked 
|  49|0x0000000083100000, 0x0000000083200000, 0x0000000083200000|100%| O|  |TAMS 0x0000000083200000, 0x0000000083100000| Untracked 
|  50|0x0000000083200000, 0x0000000083300000, 0x0000000083300000|100%| O|  |TAMS 0x0000000083300000, 0x0000000083200000| Untracked 
|  51|0x0000000083300000, 0x0000000083400000, 0x0000000083400000|100%| O|  |TAMS 0x0000000083400000, 0x0000000083300000| Untracked 
|  52|0x0000000083400000, 0x0000000083500000, 0x0000000083500000|100%| O|  |TAMS 0x0000000083500000, 0x0000000083400000| Untracked 
|  53|0x0000000083500000, 0x0000000083600000, 0x0000000083600000|100%|HS|  |TAMS 0x0000000083600000, 0x0000000083500000| Complete 
|  54|0x0000000083600000, 0x0000000083700000, 0x0000000083700000|100%|HC|  |TAMS 0x0000000083700000, 0x0000000083600000| Complete 
|  55|0x0000000083700000, 0x0000000083800000, 0x0000000083800000|100%|HS|  |TAMS 0x0000000083800000, 0x0000000083700000| Complete 
|  56|0x0000000083800000, 0x0000000083900000, 0x0000000083900000|100%| O|  |TAMS 0x0000000083900000, 0x0000000083800000| Untracked 
|  57|0x0000000083900000, 0x0000000083a00000, 0x0000000083a00000|100%| O|  |TAMS 0x0000000083a00000, 0x0000000083900000| Untracked 
|  58|0x0000000083a00000, 0x0000000083b00000, 0x0000000083b00000|100%| O|  |TAMS 0x0000000083b00000, 0x0000000083a00000| Untracked 
|  59|0x0000000083b00000, 0x0000000083c00000, 0x0000000083c00000|100%| O|  |TAMS 0x0000000083c00000, 0x0000000083b00000| Untracked 
|  60|0x0000000083c00000, 0x0000000083d00000, 0x0000000083d00000|100%| O|  |TAMS 0x0000000083d00000, 0x0000000083c00000| Untracked 
|  61|0x0000000083d00000, 0x0000000083e00000, 0x0000000083e00000|100%| O|  |TAMS 0x0000000083e00000, 0x0000000083d00000| Untracked 
|  62|0x0000000083e00000, 0x0000000083f00000, 0x0000000083f00000|100%| O|  |TAMS 0x0000000083f00000, 0x0000000083e00000| Untracked 
|  63|0x0000000083f00000, 0x0000000084000000, 0x0000000084000000|100%| O|  |TAMS 0x0000000084000000, 0x0000000083f00000| Untracked 
|  64|0x0000000084000000, 0x0000000084100000, 0x0000000084100000|100%| O|  |TAMS 0x0000000084100000, 0x0000000084000000| Untracked 
|  65|0x0000000084100000, 0x0000000084200000, 0x0000000084200000|100%| O|  |TAMS 0x0000000084200000, 0x0000000084100000| Untracked 
|  66|0x0000000084200000, 0x0000000084300000, 0x0000000084300000|100%|HS|  |TAMS 0x0000000084300000, 0x0000000084200000| Complete 
|  67|0x0000000084300000, 0x0000000084400000, 0x0000000084400000|100%|HC|  |TAMS 0x0000000084400000, 0x0000000084300000| Complete 
|  68|0x0000000084400000, 0x0000000084500000, 0x0000000084500000|100%| O|  |TAMS 0x0000000084500000, 0x0000000084400000| Untracked 
|  69|0x0000000084500000, 0x0000000084600000, 0x0000000084600000|100%| O|  |TAMS 0x0000000084600000, 0x0000000084500000| Untracked 
|  70|0x0000000084600000, 0x0000000084700000, 0x0000000084700000|100%| O|  |TAMS 0x0000000084700000, 0x0000000084600000| Untracked 
|  71|0x0000000084700000, 0x0000000084800000, 0x0000000084800000|100%| O|  |TAMS 0x0000000084800000, 0x0000000084700000| Untracked 
|  72|0x0000000084800000, 0x0000000084900000, 0x0000000084900000|100%| O|  |TAMS 0x0000000084900000, 0x0000000084800000| Untracked 
|  73|0x0000000084900000, 0x0000000084a00000, 0x0000000084a00000|100%| O|  |TAMS 0x0000000084a00000, 0x0000000084900000| Untracked 
|  74|0x0000000084a00000, 0x0000000084b00000, 0x0000000084b00000|100%|HS|  |TAMS 0x0000000084b00000, 0x0000000084a00000| Complete 
|  75|0x0000000084b00000, 0x0000000084c00000, 0x0000000084c00000|100%|HS|  |TAMS 0x0000000084c00000, 0x0000000084b00000| Complete 
|  76|0x0000000084c00000, 0x0000000084d00000, 0x0000000084d00000|100%| O|  |TAMS 0x0000000084d00000, 0x0000000084c00000| Untracked 
|  77|0x0000000084d00000, 0x0000000084e00000, 0x0000000084e00000|100%|HS|  |TAMS 0x0000000084e00000, 0x0000000084d00000| Complete 
|  78|0x0000000084e00000, 0x0000000084f00000, 0x0000000084f00000|100%|HC|  |TAMS 0x0000000084f00000, 0x0000000084e00000| Complete 
|  79|0x0000000084f00000, 0x0000000085000000, 0x0000000085000000|100%|HC|  |TAMS 0x0000000085000000, 0x0000000084f00000| Complete 
|  80|0x0000000085000000, 0x0000000085100000, 0x0000000085100000|100%|HC|  |TAMS 0x0000000085100000, 0x0000000085000000| Complete 
|  81|0x0000000085100000, 0x0000000085200000, 0x0000000085200000|100%|HC|  |TAMS 0x0000000085200000, 0x0000000085100000| Complete 
|  82|0x0000000085200000, 0x0000000085300000, 0x0000000085300000|100%|HC|  |TAMS 0x0000000085300000, 0x0000000085200000| Complete 
|  83|0x0000000085300000, 0x0000000085400000, 0x0000000085400000|100%|HS|  |TAMS 0x0000000085400000, 0x0000000085300000| Complete 
|  84|0x0000000085400000, 0x0000000085500000, 0x0000000085500000|100%| O|  |TAMS 0x0000000085500000, 0x0000000085400000| Untracked 
|  85|0x0000000085500000, 0x0000000085600000, 0x0000000085600000|100%| O|  |TAMS 0x0000000085600000, 0x0000000085500000| Untracked 
|  86|0x0000000085600000, 0x0000000085700000, 0x0000000085700000|100%| O|  |TAMS 0x0000000085600000, 0x0000000085600000| Untracked 
|  87|0x0000000085700000, 0x0000000085800000, 0x0000000085800000|100%| O|  |TAMS 0x0000000085800000, 0x0000000085700000| Untracked 
|  88|0x0000000085800000, 0x0000000085900000, 0x0000000085900000|100%| O|  |TAMS 0x0000000085900000, 0x0000000085800000| Untracked 
|  89|0x0000000085900000, 0x0000000085a00000, 0x0000000085a00000|100%|HS|  |TAMS 0x0000000085a00000, 0x0000000085900000| Complete 
|  90|0x0000000085a00000, 0x0000000085b00000, 0x0000000085b00000|100%| O|  |TAMS 0x0000000085b00000, 0x0000000085a00000| Untracked 
|  91|0x0000000085b00000, 0x0000000085c00000, 0x0000000085c00000|100%|HS|  |TAMS 0x0000000085c00000, 0x0000000085b00000| Complete 
|  92|0x0000000085c00000, 0x0000000085d00000, 0x0000000085d00000|100%|HC|  |TAMS 0x0000000085d00000, 0x0000000085c00000| Complete 
|  93|0x0000000085d00000, 0x0000000085e00000, 0x0000000085e00000|100%|HC|  |TAMS 0x0000000085e00000, 0x0000000085d00000| Complete 
|  94|0x0000000085e00000, 0x0000000085f00000, 0x0000000085f00000|100%|HC|  |TAMS 0x0000000085f00000, 0x0000000085e00000| Complete 
|  95|0x0000000085f00000, 0x0000000086000000, 0x0000000086000000|100%|HC|  |TAMS 0x0000000086000000, 0x0000000085f00000| Complete 
|  96|0x0000000086000000, 0x0000000086100000, 0x0000000086100000|100%|HC|  |TAMS 0x0000000086100000, 0x0000000086000000| Complete 
|  97|0x0000000086100000, 0x0000000086200000, 0x0000000086200000|100%| O|  |TAMS 0x0000000086200000, 0x0000000086100000| Untracked 
|  98|0x0000000086200000, 0x0000000086300000, 0x0000000086300000|100%| O|  |TAMS 0x0000000086300000, 0x0000000086200000| Untracked 
|  99|0x0000000086300000, 0x0000000086400000, 0x0000000086400000|100%| O|  |TAMS 0x0000000086400000, 0x0000000086300000| Untracked 
| 100|0x0000000086400000, 0x0000000086500000, 0x0000000086500000|100%| O|  |TAMS 0x0000000086500000, 0x0000000086400000| Complete 
| 101|0x0000000086500000, 0x0000000086600000, 0x0000000086600000|100%| O|  |TAMS 0x0000000086600000, 0x0000000086500000| Untracked 
| 102|0x0000000086600000, 0x0000000086700000, 0x0000000086700000|100%| O|  |TAMS 0x0000000086700000, 0x0000000086600000| Untracked 
| 103|0x0000000086700000, 0x0000000086800000, 0x0000000086800000|100%| O|  |TAMS 0x0000000086800000, 0x0000000086700000| Untracked 
| 104|0x0000000086800000, 0x0000000086900000, 0x0000000086900000|100%| O|  |TAMS 0x0000000086900000, 0x0000000086800000| Untracked 
| 105|0x0000000086900000, 0x0000000086a00000, 0x0000000086a00000|100%| O|  |TAMS 0x0000000086a00000, 0x0000000086900000| Untracked 
| 106|0x0000000086a00000, 0x0000000086b00000, 0x0000000086b00000|100%| O|  |TAMS 0x0000000086b00000, 0x0000000086a00000| Untracked 
| 107|0x0000000086b00000, 0x0000000086c00000, 0x0000000086c00000|100%| O|  |TAMS 0x0000000086c00000, 0x0000000086b00000| Untracked 
| 108|0x0000000086c00000, 0x0000000086d00000, 0x0000000086d00000|100%| O|  |TAMS 0x0000000086d00000, 0x0000000086c00000| Complete 
| 109|0x0000000086d00000, 0x0000000086e00000, 0x0000000086e00000|100%| O|  |TAMS 0x0000000086d00000, 0x0000000086d00000| Untracked 
| 110|0x0000000086e00000, 0x0000000086f00000, 0x0000000086f00000|100%| O|  |TAMS 0x0000000086e00000, 0x0000000086e00000| Untracked 
| 111|0x0000000086f00000, 0x0000000087000000, 0x0000000087000000|100%| O|  |TAMS 0x0000000087000000, 0x0000000086f00000| Untracked 
| 112|0x0000000087000000, 0x0000000087100000, 0x0000000087100000|100%| O|  |TAMS 0x0000000087100000, 0x0000000087000000| Untracked 
| 113|0x0000000087100000, 0x0000000087200000, 0x0000000087200000|100%|HS|  |TAMS 0x0000000087200000, 0x0000000087100000| Complete 
| 114|0x0000000087200000, 0x0000000087300000, 0x0000000087300000|100%|HC|  |TAMS 0x0000000087300000, 0x0000000087200000| Complete 
| 115|0x0000000087300000, 0x0000000087400000, 0x0000000087400000|100%|HS|  |TAMS 0x0000000087400000, 0x0000000087300000| Complete 
| 116|0x0000000087400000, 0x0000000087500000, 0x0000000087500000|100%|HC|  |TAMS 0x0000000087500000, 0x0000000087400000| Complete 
| 117|0x0000000087500000, 0x0000000087600000, 0x0000000087600000|100%|HS|  |TAMS 0x0000000087600000, 0x0000000087500000| Complete 
| 118|0x0000000087600000, 0x0000000087700000, 0x0000000087700000|100%|HC|  |TAMS 0x0000000087700000, 0x0000000087600000| Complete 
| 119|0x0000000087700000, 0x0000000087800000, 0x0000000087800000|100%|HC|  |TAMS 0x0000000087800000, 0x0000000087700000| Complete 
| 120|0x0000000087800000, 0x0000000087900000, 0x0000000087900000|100%|HS|  |TAMS 0x0000000087900000, 0x0000000087800000| Complete 
| 121|0x0000000087900000, 0x0000000087a00000, 0x0000000087a00000|100%| O|  |TAMS 0x0000000087a00000, 0x0000000087900000| Untracked 
| 122|0x0000000087a00000, 0x0000000087b00000, 0x0000000087b00000|100%|HS|  |TAMS 0x0000000087b00000, 0x0000000087a00000| Complete 
| 123|0x0000000087b00000, 0x0000000087c00000, 0x0000000087c00000|100%|HS|  |TAMS 0x0000000087c00000, 0x0000000087b00000| Complete 
| 124|0x0000000087c00000, 0x0000000087d00000, 0x0000000087d00000|100%| O|  |TAMS 0x0000000087d00000, 0x0000000087c00000| Untracked 
| 125|0x0000000087d00000, 0x0000000087e00000, 0x0000000087e00000|100%| O|  |TAMS 0x0000000087e00000, 0x0000000087d00000| Untracked 
| 126|0x0000000087e00000, 0x0000000087f00000, 0x0000000087f00000|100%| O|  |TAMS 0x0000000087f00000, 0x0000000087e00000| Untracked 
| 127|0x0000000087f00000, 0x0000000088000000, 0x0000000088000000|100%|HS|  |TAMS 0x0000000088000000, 0x0000000087f00000| Complete 
| 128|0x0000000088000000, 0x0000000088100000, 0x0000000088100000|100%|HS|  |TAMS 0x0000000088100000, 0x0000000088000000| Complete 
| 129|0x0000000088100000, 0x0000000088200000, 0x0000000088200000|100%|HC|  |TAMS 0x0000000088200000, 0x0000000088100000| Complete 
| 130|0x0000000088200000, 0x0000000088300000, 0x0000000088300000|100%|HC|  |TAMS 0x0000000088300000, 0x0000000088200000| Complete 
| 131|0x0000000088300000, 0x0000000088400000, 0x0000000088400000|100%| O|  |TAMS 0x0000000088400000, 0x0000000088300000| Untracked 
| 132|0x0000000088400000, 0x0000000088500000, 0x0000000088500000|100%| O|  |TAMS 0x0000000088500000, 0x0000000088400000| Untracked 
| 133|0x0000000088500000, 0x0000000088600000, 0x0000000088600000|100%| O|  |TAMS 0x0000000088600000, 0x0000000088500000| Untracked 
| 134|0x0000000088600000, 0x0000000088700000, 0x0000000088700000|100%| O|  |TAMS 0x0000000088700000, 0x0000000088600000| Untracked 
| 135|0x0000000088700000, 0x0000000088800000, 0x0000000088800000|100%| O|  |TAMS 0x0000000088800000, 0x0000000088700000| Untracked 
| 136|0x0000000088800000, 0x0000000088900000, 0x0000000088900000|100%| O|  |TAMS 0x0000000088900000, 0x0000000088800000| Untracked 
| 137|0x0000000088900000, 0x0000000088a00000, 0x0000000088a00000|100%| O|  |TAMS 0x0000000088a00000, 0x0000000088900000| Untracked 
| 138|0x0000000088a00000, 0x0000000088b00000, 0x0000000088b00000|100%| O|  |TAMS 0x0000000088b00000, 0x0000000088a00000| Untracked 
| 139|0x0000000088b00000, 0x0000000088c00000, 0x0000000088c00000|100%| O|  |TAMS 0x0000000088c00000, 0x0000000088b00000| Untracked 
| 140|0x0000000088c00000, 0x0000000088d00000, 0x0000000088d00000|100%| O|  |TAMS 0x0000000088d00000, 0x0000000088c00000| Untracked 
| 141|0x0000000088d00000, 0x0000000088e00000, 0x0000000088e00000|100%| O|  |TAMS 0x0000000088e00000, 0x0000000088d00000| Untracked 
| 142|0x0000000088e00000, 0x0000000088f00000, 0x0000000088f00000|100%| O|  |TAMS 0x0000000088f00000, 0x0000000088e00000| Untracked 
| 143|0x0000000088f00000, 0x0000000089000000, 0x0000000089000000|100%| O|  |TAMS 0x0000000089000000, 0x0000000088f00000| Untracked 
| 144|0x0000000089000000, 0x0000000089100000, 0x0000000089100000|100%| O|  |TAMS 0x0000000089100000, 0x0000000089000000| Untracked 
| 145|0x0000000089100000, 0x0000000089200000, 0x0000000089200000|100%| O|  |TAMS 0x0000000089200000, 0x0000000089100000| Untracked 
| 146|0x0000000089200000, 0x0000000089300000, 0x0000000089300000|100%| O|  |TAMS 0x0000000089300000, 0x0000000089200000| Untracked 
| 147|0x0000000089300000, 0x0000000089400000, 0x0000000089400000|100%| O|  |TAMS 0x0000000089400000, 0x0000000089300000| Untracked 
| 148|0x0000000089400000, 0x0000000089500000, 0x0000000089500000|100%| O|  |TAMS 0x0000000089500000, 0x0000000089400000| Untracked 
| 149|0x0000000089500000, 0x0000000089600000, 0x0000000089600000|100%| O|  |TAMS 0x0000000089600000, 0x0000000089500000| Untracked 
| 150|0x0000000089600000, 0x0000000089700000, 0x0000000089700000|100%| O|  |TAMS 0x0000000089700000, 0x0000000089600000| Untracked 
| 151|0x0000000089700000, 0x0000000089800000, 0x0000000089800000|100%|HS|  |TAMS 0x0000000089800000, 0x0000000089700000| Complete 
| 152|0x0000000089800000, 0x0000000089900000, 0x0000000089900000|100%|HC|  |TAMS 0x0000000089900000, 0x0000000089800000| Complete 
| 153|0x0000000089900000, 0x0000000089a00000, 0x0000000089a00000|100%| O|  |TAMS 0x0000000089a00000, 0x0000000089900000| Untracked 
| 154|0x0000000089a00000, 0x0000000089b00000, 0x0000000089b00000|100%| O|  |TAMS 0x0000000089b00000, 0x0000000089a00000| Untracked 
| 155|0x0000000089b00000, 0x0000000089c00000, 0x0000000089c00000|100%| O|  |TAMS 0x0000000089c00000, 0x0000000089b00000| Untracked 
| 156|0x0000000089c00000, 0x0000000089d00000, 0x0000000089d00000|100%| O|  |TAMS 0x0000000089d00000, 0x0000000089c00000| Untracked 
| 157|0x0000000089d00000, 0x0000000089e00000, 0x0000000089e00000|100%| O|  |TAMS 0x0000000089e00000, 0x0000000089d00000| Untracked 
| 158|0x0000000089e00000, 0x0000000089f00000, 0x0000000089f00000|100%| O|  |TAMS 0x0000000089f00000, 0x0000000089e00000| Untracked 
| 159|0x0000000089f00000, 0x000000008a000000, 0x000000008a000000|100%| O|  |TAMS 0x000000008a000000, 0x0000000089f00000| Untracked 
| 160|0x000000008a000000, 0x000000008a100000, 0x000000008a100000|100%| O|  |TAMS 0x000000008a100000, 0x000000008a000000| Untracked 
| 161|0x000000008a100000, 0x000000008a200000, 0x000000008a200000|100%| O|  |TAMS 0x000000008a200000, 0x000000008a100000| Untracked 
| 162|0x000000008a200000, 0x000000008a300000, 0x000000008a300000|100%| O|  |TAMS 0x000000008a300000, 0x000000008a200000| Untracked 
| 163|0x000000008a300000, 0x000000008a400000, 0x000000008a400000|100%| O|  |TAMS 0x000000008a400000, 0x000000008a300000| Untracked 
| 164|0x000000008a400000, 0x000000008a500000, 0x000000008a500000|100%| O|  |TAMS 0x000000008a500000, 0x000000008a400000| Untracked 
| 165|0x000000008a500000, 0x000000008a600000, 0x000000008a600000|100%| O|  |TAMS 0x000000008a600000, 0x000000008a500000| Untracked 
| 166|0x000000008a600000, 0x000000008a700000, 0x000000008a700000|100%| O|  |TAMS 0x000000008a700000, 0x000000008a600000| Untracked 
| 167|0x000000008a700000, 0x000000008a800000, 0x000000008a800000|100%| O|  |TAMS 0x000000008a800000, 0x000000008a700000| Untracked 
| 168|0x000000008a800000, 0x000000008a900000, 0x000000008a900000|100%| O|  |TAMS 0x000000008a900000, 0x000000008a800000| Untracked 
| 169|0x000000008a900000, 0x000000008aa00000, 0x000000008aa00000|100%| O|  |TAMS 0x000000008aa00000, 0x000000008a900000| Untracked 
| 170|0x000000008aa00000, 0x000000008ab00000, 0x000000008ab00000|100%| O|  |TAMS 0x000000008ab00000, 0x000000008aa00000| Untracked 
| 171|0x000000008ab00000, 0x000000008ac00000, 0x000000008ac00000|100%| O|  |TAMS 0x000000008ac00000, 0x000000008ab00000| Untracked 
| 172|0x000000008ac00000, 0x000000008ad00000, 0x000000008ad00000|100%| O|  |TAMS 0x000000008ad00000, 0x000000008ac00000| Untracked 
| 173|0x000000008ad00000, 0x000000008ae00000, 0x000000008ae00000|100%| O|  |TAMS 0x000000008ae00000, 0x000000008ad00000| Untracked 
| 174|0x000000008ae00000, 0x000000008af00000, 0x000000008af00000|100%| O|  |TAMS 0x000000008af00000, 0x000000008ae00000| Untracked 
| 175|0x000000008af00000, 0x000000008b000000, 0x000000008b000000|100%| O|  |TAMS 0x000000008b000000, 0x000000008af00000| Untracked 
| 176|0x000000008b000000, 0x000000008b100000, 0x000000008b100000|100%| O|  |TAMS 0x000000008b100000, 0x000000008b000000| Untracked 
| 177|0x000000008b100000, 0x000000008b200000, 0x000000008b200000|100%| O|  |TAMS 0x000000008b200000, 0x000000008b100000| Untracked 
| 178|0x000000008b200000, 0x000000008b300000, 0x000000008b300000|100%| O|  |TAMS 0x000000008b300000, 0x000000008b200000| Untracked 
| 179|0x000000008b300000, 0x000000008b400000, 0x000000008b400000|100%| O|  |TAMS 0x000000008b400000, 0x000000008b300000| Untracked 
| 180|0x000000008b400000, 0x000000008b500000, 0x000000008b500000|100%| O|  |TAMS 0x000000008b500000, 0x000000008b400000| Untracked 
| 181|0x000000008b500000, 0x000000008b600000, 0x000000008b600000|100%| O|  |TAMS 0x000000008b600000, 0x000000008b500000| Untracked 
| 182|0x000000008b600000, 0x000000008b700000, 0x000000008b700000|100%| O|  |TAMS 0x000000008b700000, 0x000000008b600000| Untracked 
| 183|0x000000008b700000, 0x000000008b800000, 0x000000008b800000|100%| O|  |TAMS 0x000000008b800000, 0x000000008b700000| Complete 
| 184|0x000000008b800000, 0x000000008b900000, 0x000000008b900000|100%| O|  |TAMS 0x000000008b900000, 0x000000008b800000| Complete 
| 185|0x000000008b900000, 0x000000008ba00000, 0x000000008ba00000|100%| O|  |TAMS 0x000000008ba00000, 0x000000008b900000| Complete 
| 186|0x000000008ba00000, 0x000000008bb00000, 0x000000008bb00000|100%| O|  |TAMS 0x000000008ba7ce00, 0x000000008ba00000| Untracked 
| 187|0x000000008bb00000, 0x000000008bc00000, 0x000000008bc00000|100%| O|  |TAMS 0x000000008bb00000, 0x000000008bb00000| Untracked 
| 188|0x000000008bc00000, 0x000000008bd00000, 0x000000008bd00000|100%| O|  |TAMS 0x000000008bc00000, 0x000000008bc00000| Untracked 
| 189|0x000000008bd00000, 0x000000008be00000, 0x000000008be00000|100%| O|  |TAMS 0x000000008bd00000, 0x000000008bd00000| Untracked 
| 190|0x000000008be00000, 0x000000008bf00000, 0x000000008bf00000|100%| O|  |TAMS 0x000000008be00000, 0x000000008be00000| Untracked 
| 191|0x000000008bf00000, 0x000000008c000000, 0x000000008c000000|100%| O|  |TAMS 0x000000008bf00000, 0x000000008bf00000| Untracked 
| 192|0x000000008c000000, 0x000000008c100000, 0x000000008c100000|100%| O|  |TAMS 0x000000008c000000, 0x000000008c000000| Untracked 
| 193|0x000000008c100000, 0x000000008c192400, 0x000000008c200000| 57%| O|  |TAMS 0x000000008c100000, 0x000000008c100000| Untracked 
| 194|0x000000008c200000, 0x000000008c200000, 0x000000008c300000|  0%| F|  |TAMS 0x000000008c200000, 0x000000008c200000| Untracked 
| 195|0x000000008c300000, 0x000000008c300000, 0x000000008c400000|  0%| F|  |TAMS 0x000000008c300000, 0x000000008c300000| Untracked 
| 196|0x000000008c400000, 0x000000008c400000, 0x000000008c500000|  0%| F|  |TAMS 0x000000008c400000, 0x000000008c400000| Untracked 
| 197|0x000000008c500000, 0x000000008c500000, 0x000000008c600000|  0%| F|  |TAMS 0x000000008c500000, 0x000000008c500000| Untracked 
| 198|0x000000008c600000, 0x000000008c600000, 0x000000008c700000|  0%| F|  |TAMS 0x000000008c600000, 0x000000008c600000| Untracked 
| 199|0x000000008c700000, 0x000000008c700000, 0x000000008c800000|  0%| F|  |TAMS 0x000000008c700000, 0x000000008c700000| Untracked 
| 200|0x000000008c800000, 0x000000008c800000, 0x000000008c900000|  0%| F|  |TAMS 0x000000008c800000, 0x000000008c800000| Untracked 
| 201|0x000000008c900000, 0x000000008c900000, 0x000000008ca00000|  0%| F|  |TAMS 0x000000008c900000, 0x000000008c900000| Untracked 
| 202|0x000000008ca00000, 0x000000008ca00000, 0x000000008cb00000|  0%| F|  |TAMS 0x000000008ca00000, 0x000000008ca00000| Untracked 
| 203|0x000000008cb00000, 0x000000008cb00000, 0x000000008cc00000|  0%| F|  |TAMS 0x000000008cb00000, 0x000000008cb00000| Untracked 
| 204|0x000000008cc00000, 0x000000008cc00000, 0x000000008cd00000|  0%| F|  |TAMS 0x000000008cc00000, 0x000000008cc00000| Untracked 
| 205|0x000000008cd00000, 0x000000008cd00000, 0x000000008ce00000|  0%| F|  |TAMS 0x000000008cd00000, 0x000000008cd00000| Untracked 
| 206|0x000000008ce00000, 0x000000008ce00000, 0x000000008cf00000|  0%| F|  |TAMS 0x000000008ce00000, 0x000000008ce00000| Untracked 
| 207|0x000000008cf00000, 0x000000008cf00000, 0x000000008d000000|  0%| F|  |TAMS 0x000000008cf00000, 0x000000008cf00000| Untracked 
| 208|0x000000008d000000, 0x000000008d000000, 0x000000008d100000|  0%| F|  |TAMS 0x000000008d000000, 0x000000008d000000| Untracked 
| 209|0x000000008d100000, 0x000000008d100000, 0x000000008d200000|  0%| F|  |TAMS 0x000000008d100000, 0x000000008d100000| Untracked 
| 210|0x000000008d200000, 0x000000008d200000, 0x000000008d300000|  0%| F|  |TAMS 0x000000008d200000, 0x000000008d200000| Untracked 
| 211|0x000000008d300000, 0x000000008d300000, 0x000000008d400000|  0%| F|  |TAMS 0x000000008d300000, 0x000000008d300000| Untracked 
| 212|0x000000008d400000, 0x000000008d400000, 0x000000008d500000|  0%| F|  |TAMS 0x000000008d400000, 0x000000008d400000| Untracked 
| 213|0x000000008d500000, 0x000000008d500000, 0x000000008d600000|  0%| F|  |TAMS 0x000000008d500000, 0x000000008d500000| Untracked 
| 214|0x000000008d600000, 0x000000008d600000, 0x000000008d700000|  0%| F|  |TAMS 0x000000008d600000, 0x000000008d600000| Untracked 
| 215|0x000000008d700000, 0x000000008d700000, 0x000000008d800000|  0%| F|  |TAMS 0x000000008d700000, 0x000000008d700000| Untracked 
| 216|0x000000008d800000, 0x000000008d800000, 0x000000008d900000|  0%| F|  |TAMS 0x000000008d800000, 0x000000008d800000| Untracked 
| 217|0x000000008d900000, 0x000000008d900000, 0x000000008da00000|  0%| F|  |TAMS 0x000000008d900000, 0x000000008d900000| Untracked 
| 218|0x000000008da00000, 0x000000008da00000, 0x000000008db00000|  0%| F|  |TAMS 0x000000008da00000, 0x000000008da00000| Untracked 
| 219|0x000000008db00000, 0x000000008db00000, 0x000000008dc00000|  0%| F|  |TAMS 0x000000008db00000, 0x000000008db00000| Untracked 
| 220|0x000000008dc00000, 0x000000008dc00000, 0x000000008dd00000|  0%| F|  |TAMS 0x000000008dc00000, 0x000000008dc00000| Untracked 
| 221|0x000000008dd00000, 0x000000008dd00000, 0x000000008de00000|  0%| F|  |TAMS 0x000000008dd00000, 0x000000008dd00000| Untracked 
| 222|0x000000008de00000, 0x000000008de00000, 0x000000008df00000|  0%| F|  |TAMS 0x000000008de00000, 0x000000008de00000| Untracked 
| 223|0x000000008df00000, 0x000000008df00000, 0x000000008e000000|  0%| F|  |TAMS 0x000000008df00000, 0x000000008df00000| Untracked 
| 224|0x000000008e000000, 0x000000008e000000, 0x000000008e100000|  0%| F|  |TAMS 0x000000008e000000, 0x000000008e000000| Untracked 
| 225|0x000000008e100000, 0x000000008e100000, 0x000000008e200000|  0%| F|  |TAMS 0x000000008e100000, 0x000000008e100000| Untracked 
| 226|0x000000008e200000, 0x000000008e200000, 0x000000008e300000|  0%| F|  |TAMS 0x000000008e200000, 0x000000008e200000| Untracked 
| 227|0x000000008e300000, 0x000000008e300000, 0x000000008e400000|  0%| F|  |TAMS 0x000000008e300000, 0x000000008e300000| Untracked 
| 228|0x000000008e400000, 0x000000008e400000, 0x000000008e500000|  0%| F|  |TAMS 0x000000008e400000, 0x000000008e400000| Untracked 
| 229|0x000000008e500000, 0x000000008e500000, 0x000000008e600000|  0%| F|  |TAMS 0x000000008e500000, 0x000000008e500000| Untracked 
| 230|0x000000008e600000, 0x000000008e600000, 0x000000008e700000|  0%| F|  |TAMS 0x000000008e600000, 0x000000008e600000| Untracked 
| 231|0x000000008e700000, 0x000000008e700000, 0x000000008e800000|  0%| F|  |TAMS 0x000000008e700000, 0x000000008e700000| Untracked 
| 232|0x000000008e800000, 0x000000008e800000, 0x000000008e900000|  0%| F|  |TAMS 0x000000008e800000, 0x000000008e800000| Untracked 
| 233|0x000000008e900000, 0x000000008e900000, 0x000000008ea00000|  0%| F|  |TAMS 0x000000008e900000, 0x000000008e900000| Untracked 
| 234|0x000000008ea00000, 0x000000008ea00000, 0x000000008eb00000|  0%| F|  |TAMS 0x000000008ea00000, 0x000000008ea00000| Untracked 
| 235|0x000000008eb00000, 0x000000008eb00000, 0x000000008ec00000|  0%| F|  |TAMS 0x000000008eb00000, 0x000000008eb00000| Untracked 
| 236|0x000000008ec00000, 0x000000008ec00000, 0x000000008ed00000|  0%| F|  |TAMS 0x000000008ec00000, 0x000000008ec00000| Untracked 
| 237|0x000000008ed00000, 0x000000008ed00000, 0x000000008ee00000|  0%| F|  |TAMS 0x000000008ed00000, 0x000000008ed00000| Untracked 
| 238|0x000000008ee00000, 0x000000008ee00000, 0x000000008ef00000|  0%| F|  |TAMS 0x000000008ee00000, 0x000000008ee00000| Untracked 
| 239|0x000000008ef00000, 0x000000008ef00000, 0x000000008f000000|  0%| F|  |TAMS 0x000000008ef00000, 0x000000008ef00000| Untracked 
| 240|0x000000008f000000, 0x000000008f000000, 0x000000008f100000|  0%| F|  |TAMS 0x000000008f000000, 0x000000008f000000| Untracked 
| 241|0x000000008f100000, 0x000000008f100000, 0x000000008f200000|  0%| F|  |TAMS 0x000000008f100000, 0x000000008f100000| Untracked 
| 242|0x000000008f200000, 0x000000008f200000, 0x000000008f300000|  0%| F|  |TAMS 0x000000008f200000, 0x000000008f200000| Untracked 
| 243|0x000000008f300000, 0x000000008f300000, 0x000000008f400000|  0%| F|  |TAMS 0x000000008f300000, 0x000000008f300000| Untracked 
| 244|0x000000008f400000, 0x000000008f400000, 0x000000008f500000|  0%| F|  |TAMS 0x000000008f400000, 0x000000008f400000| Untracked 
| 245|0x000000008f500000, 0x000000008f500000, 0x000000008f600000|  0%| F|  |TAMS 0x000000008f500000, 0x000000008f500000| Untracked 
| 246|0x000000008f600000, 0x000000008f600000, 0x000000008f700000|  0%| F|  |TAMS 0x000000008f600000, 0x000000008f600000| Untracked 
| 247|0x000000008f700000, 0x000000008f700000, 0x000000008f800000|  0%| F|  |TAMS 0x000000008f700000, 0x000000008f700000| Untracked 
| 248|0x000000008f800000, 0x000000008f8716d0, 0x000000008f900000| 44%| S|CS|TAMS 0x000000008f800000, 0x000000008f800000| Complete 
| 249|0x000000008f900000, 0x000000008f900000, 0x000000008fa00000|  0%| F|  |TAMS 0x000000008f900000, 0x000000008f900000| Untracked 
| 250|0x000000008fa00000, 0x000000008fa00000, 0x000000008fb00000|  0%| F|  |TAMS 0x000000008fa00000, 0x000000008fa00000| Untracked 
| 251|0x000000008fb00000, 0x000000008fb00000, 0x000000008fc00000|  0%| F|  |TAMS 0x000000008fb00000, 0x000000008fb00000| Untracked 
| 252|0x000000008fc00000, 0x000000008fc00000, 0x000000008fd00000|  0%| F|  |TAMS 0x000000008fc00000, 0x000000008fc00000| Untracked 
| 253|0x000000008fd00000, 0x000000008fd00000, 0x000000008fe00000|  0%| F|  |TAMS 0x000000008fd00000, 0x000000008fd00000| Untracked 
| 254|0x000000008fe00000, 0x000000008fe00000, 0x000000008ff00000|  0%| F|  |TAMS 0x000000008fe00000, 0x000000008fe00000| Untracked 
| 255|0x000000008ff00000, 0x000000008ff00000, 0x0000000090000000|  0%| F|  |TAMS 0x000000008ff00000, 0x000000008ff00000| Untracked 
| 256|0x0000000090000000, 0x0000000090000000, 0x0000000090100000|  0%| F|  |TAMS 0x0000000090000000, 0x0000000090000000| Untracked 
| 257|0x0000000090100000, 0x0000000090100000, 0x0000000090200000|  0%| F|  |TAMS 0x0000000090100000, 0x0000000090100000| Untracked 
| 258|0x0000000090200000, 0x0000000090200000, 0x0000000090300000|  0%| F|  |TAMS 0x0000000090200000, 0x0000000090200000| Untracked 
| 259|0x0000000090300000, 0x0000000090300000, 0x0000000090400000|  0%| F|  |TAMS 0x0000000090300000, 0x0000000090300000| Untracked 
| 260|0x0000000090400000, 0x0000000090500000, 0x0000000090500000|100%| S|CS|TAMS 0x0000000090400000, 0x0000000090400000| Complete 
| 261|0x0000000090500000, 0x0000000090600000, 0x0000000090600000|100%| S|CS|TAMS 0x0000000090500000, 0x0000000090500000| Complete 
| 262|0x0000000090600000, 0x0000000090700000, 0x0000000090700000|100%| S|CS|TAMS 0x0000000090600000, 0x0000000090600000| Complete 
| 263|0x0000000090700000, 0x0000000090800000, 0x0000000090800000|100%| S|CS|TAMS 0x0000000090700000, 0x0000000090700000| Complete 
| 264|0x0000000090800000, 0x0000000090900000, 0x0000000090900000|100%| S|CS|TAMS 0x0000000090800000, 0x0000000090800000| Complete 
| 265|0x0000000090900000, 0x0000000090a00000, 0x0000000090a00000|100%| S|CS|TAMS 0x0000000090900000, 0x0000000090900000| Complete 
| 266|0x0000000090a00000, 0x0000000090b00000, 0x0000000090b00000|100%| S|CS|TAMS 0x0000000090a00000, 0x0000000090a00000| Complete 
| 267|0x0000000090b00000, 0x0000000090c00000, 0x0000000090c00000|100%| S|CS|TAMS 0x0000000090b00000, 0x0000000090b00000| Complete 
| 268|0x0000000090c00000, 0x0000000090d00000, 0x0000000090d00000|100%| S|CS|TAMS 0x0000000090c00000, 0x0000000090c00000| Complete 
| 269|0x0000000090d00000, 0x0000000090e00000, 0x0000000090e00000|100%| S|CS|TAMS 0x0000000090d00000, 0x0000000090d00000| Complete 
| 270|0x0000000090e00000, 0x0000000090e00000, 0x0000000090f00000|  0%| F|  |TAMS 0x0000000090e00000, 0x0000000090e00000| Untracked 
| 271|0x0000000090f00000, 0x0000000090f00000, 0x0000000091000000|  0%| F|  |TAMS 0x0000000090f00000, 0x0000000090f00000| Untracked 
| 272|0x0000000091000000, 0x0000000091000000, 0x0000000091100000|  0%| F|  |TAMS 0x0000000091000000, 0x0000000091000000| Untracked 
| 273|0x0000000091100000, 0x0000000091100000, 0x0000000091200000|  0%| F|  |TAMS 0x0000000091100000, 0x0000000091100000| Untracked 
| 274|0x0000000091200000, 0x0000000091200000, 0x0000000091300000|  0%| F|  |TAMS 0x0000000091200000, 0x0000000091200000| Untracked 
| 275|0x0000000091300000, 0x0000000091300000, 0x0000000091400000|  0%| F|  |TAMS 0x0000000091300000, 0x0000000091300000| Untracked 
| 276|0x0000000091400000, 0x0000000091400000, 0x0000000091500000|  0%| F|  |TAMS 0x0000000091400000, 0x0000000091400000| Untracked 
| 277|0x0000000091500000, 0x0000000091500000, 0x0000000091600000|  0%| F|  |TAMS 0x0000000091500000, 0x0000000091500000| Untracked 
| 278|0x0000000091600000, 0x0000000091600000, 0x0000000091700000|  0%| F|  |TAMS 0x0000000091600000, 0x0000000091600000| Untracked 
| 279|0x0000000091700000, 0x0000000091700000, 0x0000000091800000|  0%| F|  |TAMS 0x0000000091700000, 0x0000000091700000| Untracked 
| 280|0x0000000091800000, 0x0000000091800000, 0x0000000091900000|  0%| F|  |TAMS 0x0000000091800000, 0x0000000091800000| Untracked 
| 281|0x0000000091900000, 0x0000000091900000, 0x0000000091a00000|  0%| F|  |TAMS 0x0000000091900000, 0x0000000091900000| Untracked 
| 282|0x0000000091a00000, 0x0000000091a00000, 0x0000000091b00000|  0%| F|  |TAMS 0x0000000091a00000, 0x0000000091a00000| Untracked 
| 283|0x0000000091b00000, 0x0000000091b00000, 0x0000000091c00000|  0%| F|  |TAMS 0x0000000091b00000, 0x0000000091b00000| Untracked 
| 284|0x0000000091c00000, 0x0000000091c00000, 0x0000000091d00000|  0%| F|  |TAMS 0x0000000091c00000, 0x0000000091c00000| Untracked 
| 285|0x0000000091d00000, 0x0000000091d00000, 0x0000000091e00000|  0%| F|  |TAMS 0x0000000091d00000, 0x0000000091d00000| Untracked 
| 286|0x0000000091e00000, 0x0000000091e00000, 0x0000000091f00000|  0%| F|  |TAMS 0x0000000091e00000, 0x0000000091e00000| Untracked 
| 287|0x0000000091f00000, 0x0000000091f00000, 0x0000000092000000|  0%| F|  |TAMS 0x0000000091f00000, 0x0000000091f00000| Untracked 
| 288|0x0000000092000000, 0x0000000092000000, 0x0000000092100000|  0%| F|  |TAMS 0x0000000092000000, 0x0000000092000000| Untracked 
| 289|0x0000000092100000, 0x0000000092100000, 0x0000000092200000|  0%| F|  |TAMS 0x0000000092100000, 0x0000000092100000| Untracked 
| 290|0x0000000092200000, 0x0000000092200000, 0x0000000092300000|  0%| F|  |TAMS 0x0000000092200000, 0x0000000092200000| Untracked 
| 291|0x0000000092300000, 0x0000000092300000, 0x0000000092400000|  0%| F|  |TAMS 0x0000000092300000, 0x0000000092300000| Untracked 
| 292|0x0000000092400000, 0x0000000092400000, 0x0000000092500000|  0%| F|  |TAMS 0x0000000092400000, 0x0000000092400000| Untracked 
| 293|0x0000000092500000, 0x0000000092500000, 0x0000000092600000|  0%| F|  |TAMS 0x0000000092500000, 0x0000000092500000| Untracked 
| 294|0x0000000092600000, 0x0000000092600000, 0x0000000092700000|  0%| F|  |TAMS 0x0000000092600000, 0x0000000092600000| Untracked 
| 295|0x0000000092700000, 0x0000000092700000, 0x0000000092800000|  0%| F|  |TAMS 0x0000000092700000, 0x0000000092700000| Untracked 
| 296|0x0000000092800000, 0x0000000092800000, 0x0000000092900000|  0%| F|  |TAMS 0x0000000092800000, 0x0000000092800000| Untracked 
| 297|0x0000000092900000, 0x0000000092900000, 0x0000000092a00000|  0%| F|  |TAMS 0x0000000092900000, 0x0000000092900000| Untracked 
| 298|0x0000000092a00000, 0x0000000092a00000, 0x0000000092b00000|  0%| F|  |TAMS 0x0000000092a00000, 0x0000000092a00000| Untracked 
| 299|0x0000000092b00000, 0x0000000092b00000, 0x0000000092c00000|  0%| F|  |TAMS 0x0000000092b00000, 0x0000000092b00000| Untracked 
| 300|0x0000000092c00000, 0x0000000092c00000, 0x0000000092d00000|  0%| F|  |TAMS 0x0000000092c00000, 0x0000000092c00000| Untracked 
| 301|0x0000000092d00000, 0x0000000092d00000, 0x0000000092e00000|  0%| F|  |TAMS 0x0000000092d00000, 0x0000000092d00000| Untracked 
| 302|0x0000000092e00000, 0x0000000092e00000, 0x0000000092f00000|  0%| F|  |TAMS 0x0000000092e00000, 0x0000000092e00000| Untracked 
| 303|0x0000000092f00000, 0x0000000092f00000, 0x0000000093000000|  0%| F|  |TAMS 0x0000000092f00000, 0x0000000092f00000| Untracked 
| 304|0x0000000093000000, 0x0000000093000000, 0x0000000093100000|  0%| F|  |TAMS 0x0000000093000000, 0x0000000093000000| Untracked 
| 305|0x0000000093100000, 0x0000000093100000, 0x0000000093200000|  0%| F|  |TAMS 0x0000000093100000, 0x0000000093100000| Untracked 
| 306|0x0000000093200000, 0x0000000093200000, 0x0000000093300000|  0%| F|  |TAMS 0x0000000093200000, 0x0000000093200000| Untracked 
| 307|0x0000000093300000, 0x0000000093300000, 0x0000000093400000|  0%| F|  |TAMS 0x0000000093300000, 0x0000000093300000| Untracked 
| 308|0x0000000093400000, 0x0000000093400000, 0x0000000093500000|  0%| F|  |TAMS 0x0000000093400000, 0x0000000093400000| Untracked 
| 309|0x0000000093500000, 0x0000000093500000, 0x0000000093600000|  0%| F|  |TAMS 0x0000000093500000, 0x0000000093500000| Untracked 
| 310|0x0000000093600000, 0x0000000093600000, 0x0000000093700000|  0%| F|  |TAMS 0x0000000093600000, 0x0000000093600000| Untracked 
| 311|0x0000000093700000, 0x0000000093700000, 0x0000000093800000|  0%| F|  |TAMS 0x0000000093700000, 0x0000000093700000| Untracked 
| 312|0x0000000093800000, 0x0000000093800000, 0x0000000093900000|  0%| F|  |TAMS 0x0000000093800000, 0x0000000093800000| Untracked 
| 313|0x0000000093900000, 0x0000000093900000, 0x0000000093a00000|  0%| F|  |TAMS 0x0000000093900000, 0x0000000093900000| Untracked 
| 314|0x0000000093a00000, 0x0000000093a00000, 0x0000000093b00000|  0%| F|  |TAMS 0x0000000093a00000, 0x0000000093a00000| Untracked 
| 315|0x0000000093b00000, 0x0000000093b00000, 0x0000000093c00000|  0%| F|  |TAMS 0x0000000093b00000, 0x0000000093b00000| Untracked 
| 316|0x0000000093c00000, 0x0000000093c00000, 0x0000000093d00000|  0%| F|  |TAMS 0x0000000093c00000, 0x0000000093c00000| Untracked 
| 317|0x0000000093d00000, 0x0000000093d00000, 0x0000000093e00000|  0%| F|  |TAMS 0x0000000093d00000, 0x0000000093d00000| Untracked 
| 318|0x0000000093e00000, 0x0000000093e00000, 0x0000000093f00000|  0%| F|  |TAMS 0x0000000093e00000, 0x0000000093e00000| Untracked 
| 319|0x0000000093f00000, 0x0000000093f00000, 0x0000000094000000|  0%| F|  |TAMS 0x0000000093f00000, 0x0000000093f00000| Untracked 
| 320|0x0000000094000000, 0x0000000094000000, 0x0000000094100000|  0%| F|  |TAMS 0x0000000094000000, 0x0000000094000000| Untracked 
| 321|0x0000000094100000, 0x0000000094100000, 0x0000000094200000|  0%| F|  |TAMS 0x0000000094100000, 0x0000000094100000| Untracked 
| 322|0x0000000094200000, 0x0000000094200000, 0x0000000094300000|  0%| F|  |TAMS 0x0000000094200000, 0x0000000094200000| Untracked 
| 323|0x0000000094300000, 0x0000000094300000, 0x0000000094400000|  0%| F|  |TAMS 0x0000000094300000, 0x0000000094300000| Untracked 
| 324|0x0000000094400000, 0x0000000094400000, 0x0000000094500000|  0%| F|  |TAMS 0x0000000094400000, 0x0000000094400000| Untracked 
| 325|0x0000000094500000, 0x0000000094500000, 0x0000000094600000|  0%| F|  |TAMS 0x0000000094500000, 0x0000000094500000| Untracked 
| 326|0x0000000094600000, 0x0000000094600000, 0x0000000094700000|  0%| F|  |TAMS 0x0000000094600000, 0x0000000094600000| Untracked 
| 327|0x0000000094700000, 0x0000000094700000, 0x0000000094800000|  0%| F|  |TAMS 0x0000000094700000, 0x0000000094700000| Untracked 
| 328|0x0000000094800000, 0x0000000094800000, 0x0000000094900000|  0%| F|  |TAMS 0x0000000094800000, 0x0000000094800000| Untracked 
| 329|0x0000000094900000, 0x0000000094900000, 0x0000000094a00000|  0%| F|  |TAMS 0x0000000094900000, 0x0000000094900000| Untracked 
| 330|0x0000000094a00000, 0x0000000094a00000, 0x0000000094b00000|  0%| F|  |TAMS 0x0000000094a00000, 0x0000000094a00000| Untracked 
| 331|0x0000000094b00000, 0x0000000094b00000, 0x0000000094c00000|  0%| F|  |TAMS 0x0000000094b00000, 0x0000000094b00000| Untracked 
| 332|0x0000000094c00000, 0x0000000094c00000, 0x0000000094d00000|  0%| F|  |TAMS 0x0000000094c00000, 0x0000000094c00000| Untracked 
| 333|0x0000000094d00000, 0x0000000094d00000, 0x0000000094e00000|  0%| F|  |TAMS 0x0000000094d00000, 0x0000000094d00000| Untracked 
| 334|0x0000000094e00000, 0x0000000094e00000, 0x0000000094f00000|  0%| F|  |TAMS 0x0000000094e00000, 0x0000000094e00000| Untracked 
| 335|0x0000000094f00000, 0x0000000094f00000, 0x0000000095000000|  0%| F|  |TAMS 0x0000000094f00000, 0x0000000094f00000| Untracked 
| 336|0x0000000095000000, 0x0000000095000000, 0x0000000095100000|  0%| F|  |TAMS 0x0000000095000000, 0x0000000095000000| Untracked 
| 337|0x0000000095100000, 0x0000000095100000, 0x0000000095200000|  0%| F|  |TAMS 0x0000000095100000, 0x0000000095100000| Untracked 
| 338|0x0000000095200000, 0x0000000095200000, 0x0000000095300000|  0%| F|  |TAMS 0x0000000095200000, 0x0000000095200000| Untracked 
| 339|0x0000000095300000, 0x0000000095300000, 0x0000000095400000|  0%| F|  |TAMS 0x0000000095300000, 0x0000000095300000| Untracked 
| 340|0x0000000095400000, 0x0000000095400000, 0x0000000095500000|  0%| F|  |TAMS 0x0000000095400000, 0x0000000095400000| Untracked 
| 341|0x0000000095500000, 0x0000000095500000, 0x0000000095600000|  0%| F|  |TAMS 0x0000000095500000, 0x0000000095500000| Untracked 
| 342|0x0000000095600000, 0x0000000095600000, 0x0000000095700000|  0%| F|  |TAMS 0x0000000095600000, 0x0000000095600000| Untracked 
| 343|0x0000000095700000, 0x0000000095700000, 0x0000000095800000|  0%| F|  |TAMS 0x0000000095700000, 0x0000000095700000| Untracked 
| 344|0x0000000095800000, 0x0000000095800000, 0x0000000095900000|  0%| F|  |TAMS 0x0000000095800000, 0x0000000095800000| Untracked 
| 345|0x0000000095900000, 0x0000000095900000, 0x0000000095a00000|  0%| F|  |TAMS 0x0000000095900000, 0x0000000095900000| Untracked 
| 346|0x0000000095a00000, 0x0000000095a00000, 0x0000000095b00000|  0%| F|  |TAMS 0x0000000095a00000, 0x0000000095a00000| Untracked 
| 347|0x0000000095b00000, 0x0000000095b00000, 0x0000000095c00000|  0%| F|  |TAMS 0x0000000095b00000, 0x0000000095b00000| Untracked 
| 348|0x0000000095c00000, 0x0000000095c00000, 0x0000000095d00000|  0%| F|  |TAMS 0x0000000095c00000, 0x0000000095c00000| Untracked 
| 349|0x0000000095d00000, 0x0000000095d00000, 0x0000000095e00000|  0%| F|  |TAMS 0x0000000095d00000, 0x0000000095d00000| Untracked 
| 350|0x0000000095e00000, 0x0000000095e00000, 0x0000000095f00000|  0%| F|  |TAMS 0x0000000095e00000, 0x0000000095e00000| Untracked 
| 351|0x0000000095f00000, 0x0000000095f00000, 0x0000000096000000|  0%| F|  |TAMS 0x0000000095f00000, 0x0000000095f00000| Untracked 
| 352|0x0000000096000000, 0x0000000096000000, 0x0000000096100000|  0%| F|  |TAMS 0x0000000096000000, 0x0000000096000000| Untracked 
| 353|0x0000000096100000, 0x0000000096100000, 0x0000000096200000|  0%| F|  |TAMS 0x0000000096100000, 0x0000000096100000| Untracked 
| 354|0x0000000096200000, 0x0000000096200000, 0x0000000096300000|  0%| F|  |TAMS 0x0000000096200000, 0x0000000096200000| Untracked 
| 355|0x0000000096300000, 0x0000000096300000, 0x0000000096400000|  0%| F|  |TAMS 0x0000000096300000, 0x0000000096300000| Untracked 
| 356|0x0000000096400000, 0x0000000096400000, 0x0000000096500000|  0%| F|  |TAMS 0x0000000096400000, 0x0000000096400000| Untracked 
| 357|0x0000000096500000, 0x0000000096500000, 0x0000000096600000|  0%| F|  |TAMS 0x0000000096500000, 0x0000000096500000| Untracked 
| 358|0x0000000096600000, 0x0000000096600000, 0x0000000096700000|  0%| F|  |TAMS 0x0000000096600000, 0x0000000096600000| Untracked 
| 359|0x0000000096700000, 0x0000000096700000, 0x0000000096800000|  0%| F|  |TAMS 0x0000000096700000, 0x0000000096700000| Untracked 
| 360|0x0000000096800000, 0x0000000096800000, 0x0000000096900000|  0%| F|  |TAMS 0x0000000096800000, 0x0000000096800000| Untracked 
| 361|0x0000000096900000, 0x0000000096900000, 0x0000000096a00000|  0%| F|  |TAMS 0x0000000096900000, 0x0000000096900000| Untracked 
| 362|0x0000000096a00000, 0x0000000096a00000, 0x0000000096b00000|  0%| F|  |TAMS 0x0000000096a00000, 0x0000000096a00000| Untracked 
| 363|0x0000000096b00000, 0x0000000096b00000, 0x0000000096c00000|  0%| F|  |TAMS 0x0000000096b00000, 0x0000000096b00000| Untracked 
| 364|0x0000000096c00000, 0x0000000096c00000, 0x0000000096d00000|  0%| F|  |TAMS 0x0000000096c00000, 0x0000000096c00000| Untracked 
| 365|0x0000000096d00000, 0x0000000096d00000, 0x0000000096e00000|  0%| F|  |TAMS 0x0000000096d00000, 0x0000000096d00000| Untracked 
| 366|0x0000000096e00000, 0x0000000096e00000, 0x0000000096f00000|  0%| F|  |TAMS 0x0000000096e00000, 0x0000000096e00000| Untracked 
| 367|0x0000000096f00000, 0x0000000096f00000, 0x0000000097000000|  0%| F|  |TAMS 0x0000000096f00000, 0x0000000096f00000| Untracked 
| 368|0x0000000097000000, 0x0000000097000000, 0x0000000097100000|  0%| F|  |TAMS 0x0000000097000000, 0x0000000097000000| Untracked 
| 369|0x0000000097100000, 0x0000000097100000, 0x0000000097200000|  0%| F|  |TAMS 0x0000000097100000, 0x0000000097100000| Untracked 
| 370|0x0000000097200000, 0x0000000097200000, 0x0000000097300000|  0%| F|  |TAMS 0x0000000097200000, 0x0000000097200000| Untracked 
| 371|0x0000000097300000, 0x0000000097300000, 0x0000000097400000|  0%| F|  |TAMS 0x0000000097300000, 0x0000000097300000| Untracked 
| 372|0x0000000097400000, 0x0000000097400000, 0x0000000097500000|  0%| F|  |TAMS 0x0000000097400000, 0x0000000097400000| Untracked 
| 373|0x0000000097500000, 0x0000000097500000, 0x0000000097600000|  0%| F|  |TAMS 0x0000000097500000, 0x0000000097500000| Untracked 
| 374|0x0000000097600000, 0x0000000097600000, 0x0000000097700000|  0%| F|  |TAMS 0x0000000097600000, 0x0000000097600000| Untracked 
| 375|0x0000000097700000, 0x0000000097700000, 0x0000000097800000|  0%| F|  |TAMS 0x0000000097700000, 0x0000000097700000| Untracked 
| 376|0x0000000097800000, 0x0000000097800000, 0x0000000097900000|  0%| F|  |TAMS 0x0000000097800000, 0x0000000097800000| Untracked 
| 377|0x0000000097900000, 0x0000000097900000, 0x0000000097a00000|  0%| F|  |TAMS 0x0000000097900000, 0x0000000097900000| Untracked 
| 378|0x0000000097a00000, 0x0000000097a00000, 0x0000000097b00000|  0%| F|  |TAMS 0x0000000097a00000, 0x0000000097a00000| Untracked 
| 379|0x0000000097b00000, 0x0000000097b00000, 0x0000000097c00000|  0%| F|  |TAMS 0x0000000097b00000, 0x0000000097b00000| Untracked 
| 380|0x0000000097c00000, 0x0000000097c00000, 0x0000000097d00000|  0%| F|  |TAMS 0x0000000097c00000, 0x0000000097c00000| Untracked 
| 381|0x0000000097d00000, 0x0000000097d00000, 0x0000000097e00000|  0%| F|  |TAMS 0x0000000097d00000, 0x0000000097d00000| Untracked 
| 382|0x0000000097e00000, 0x0000000097e00000, 0x0000000097f00000|  0%| F|  |TAMS 0x0000000097e00000, 0x0000000097e00000| Untracked 
| 383|0x0000000097f00000, 0x0000000097f00000, 0x0000000098000000|  0%| F|  |TAMS 0x0000000097f00000, 0x0000000097f00000| Untracked 
| 384|0x0000000098000000, 0x0000000098000000, 0x0000000098100000|  0%| F|  |TAMS 0x0000000098000000, 0x0000000098000000| Untracked 
| 385|0x0000000098100000, 0x0000000098100000, 0x0000000098200000|  0%| F|  |TAMS 0x0000000098100000, 0x0000000098100000| Untracked 
| 386|0x0000000098200000, 0x0000000098200000, 0x0000000098300000|  0%| F|  |TAMS 0x0000000098200000, 0x0000000098200000| Untracked 
| 387|0x0000000098300000, 0x0000000098300000, 0x0000000098400000|  0%| F|  |TAMS 0x0000000098300000, 0x0000000098300000| Untracked 
| 388|0x0000000098400000, 0x0000000098400000, 0x0000000098500000|  0%| F|  |TAMS 0x0000000098400000, 0x0000000098400000| Untracked 
| 389|0x0000000098500000, 0x0000000098500000, 0x0000000098600000|  0%| F|  |TAMS 0x0000000098500000, 0x0000000098500000| Untracked 
| 390|0x0000000098600000, 0x0000000098600000, 0x0000000098700000|  0%| F|  |TAMS 0x0000000098600000, 0x0000000098600000| Untracked 
| 391|0x0000000098700000, 0x0000000098700000, 0x0000000098800000|  0%| F|  |TAMS 0x0000000098700000, 0x0000000098700000| Untracked 
| 392|0x0000000098800000, 0x0000000098800000, 0x0000000098900000|  0%| F|  |TAMS 0x0000000098800000, 0x0000000098800000| Untracked 
| 393|0x0000000098900000, 0x0000000098900000, 0x0000000098a00000|  0%| F|  |TAMS 0x0000000098900000, 0x0000000098900000| Untracked 
| 394|0x0000000098a00000, 0x0000000098a00000, 0x0000000098b00000|  0%| F|  |TAMS 0x0000000098a00000, 0x0000000098a00000| Untracked 
| 395|0x0000000098b00000, 0x0000000098b00000, 0x0000000098c00000|  0%| F|  |TAMS 0x0000000098b00000, 0x0000000098b00000| Untracked 
| 396|0x0000000098c00000, 0x0000000098c00000, 0x0000000098d00000|  0%| F|  |TAMS 0x0000000098c00000, 0x0000000098c00000| Untracked 
| 397|0x0000000098d00000, 0x0000000098d00000, 0x0000000098e00000|  0%| F|  |TAMS 0x0000000098d00000, 0x0000000098d00000| Untracked 
| 398|0x0000000098e00000, 0x0000000098e00000, 0x0000000098f00000|  0%| F|  |TAMS 0x0000000098e00000, 0x0000000098e00000| Untracked 
| 399|0x0000000098f00000, 0x0000000098f00000, 0x0000000099000000|  0%| F|  |TAMS 0x0000000098f00000, 0x0000000098f00000| Untracked 
| 400|0x0000000099000000, 0x0000000099000000, 0x0000000099100000|  0%| F|  |TAMS 0x0000000099000000, 0x0000000099000000| Untracked 
| 401|0x0000000099100000, 0x0000000099100000, 0x0000000099200000|  0%| F|  |TAMS 0x0000000099100000, 0x0000000099100000| Untracked 
| 402|0x0000000099200000, 0x0000000099200000, 0x0000000099300000|  0%| F|  |TAMS 0x0000000099200000, 0x0000000099200000| Untracked 
| 403|0x0000000099300000, 0x0000000099300000, 0x0000000099400000|  0%| F|  |TAMS 0x0000000099300000, 0x0000000099300000| Untracked 
| 404|0x0000000099400000, 0x0000000099400000, 0x0000000099500000|  0%| F|  |TAMS 0x0000000099400000, 0x0000000099400000| Untracked 
| 405|0x0000000099500000, 0x00000000995d3178, 0x0000000099600000| 82%| E|  |TAMS 0x0000000099500000, 0x0000000099500000| Complete 
| 406|0x0000000099600000, 0x0000000099700000, 0x0000000099700000|100%| E|CS|TAMS 0x0000000099600000, 0x0000000099600000| Complete 
| 407|0x0000000099700000, 0x0000000099800000, 0x0000000099800000|100%| E|CS|TAMS 0x0000000099700000, 0x0000000099700000| Complete 
| 408|0x0000000099800000, 0x0000000099900000, 0x0000000099900000|100%| E|CS|TAMS 0x0000000099800000, 0x0000000099800000| Complete 
| 409|0x0000000099900000, 0x0000000099a00000, 0x0000000099a00000|100%| E|CS|TAMS 0x0000000099900000, 0x0000000099900000| Complete 
| 410|0x0000000099a00000, 0x0000000099b00000, 0x0000000099b00000|100%| E|CS|TAMS 0x0000000099a00000, 0x0000000099a00000| Complete 
| 411|0x0000000099b00000, 0x0000000099c00000, 0x0000000099c00000|100%| E|CS|TAMS 0x0000000099b00000, 0x0000000099b00000| Complete 
| 412|0x0000000099c00000, 0x0000000099d00000, 0x0000000099d00000|100%| E|CS|TAMS 0x0000000099c00000, 0x0000000099c00000| Complete 
| 413|0x0000000099d00000, 0x0000000099e00000, 0x0000000099e00000|100%| E|  |TAMS 0x0000000099d00000, 0x0000000099d00000| Complete 

Card table byte_map: [0x00000286e3f30000,0x00000286e4330000] _byte_map_base: 0x00000286e3b30000

Marking Bits (Prev, Next): (CMBitMap*) 0x00000286cb133610, (CMBitMap*) 0x00000286cb1335d0
 Prev Bits: [0x00000286e6730000, 0x00000286e8730000)
 Next Bits: [0x00000286e4730000, 0x00000286e6730000)

Polling page: 0x00000286cb1d0000

Metaspace:

Usage:
  Non-class:    101.49 MB used.
      Class:     16.02 MB used.
       Both:    117.50 MB used.

Virtual space:
  Non-class space:      104.00 MB reserved,     102.06 MB ( 98%) committed,  13 nodes.
      Class space:        1.00 GB reserved,      16.62 MB (  2%) committed,  1 nodes.
             Both:        1.10 GB reserved,     118.69 MB ( 11%) committed. 

Chunk freelists:
   Non-Class:  1.96 MB
       Class:  3.25 MB
        Both:  5.21 MB

MaxMetaspaceSize: unlimited
CompressedClassSpaceSize: 1.00 GB
Initial GC threshold: 21.00 MB
Current GC threshold: 188.75 MB
CDS: on
MetaspaceReclaimPolicy: balanced
 - commit_granule_bytes: 65536.
 - commit_granule_words: 8192.
 - virtual_space_node_default_size: 1048576.
 - enlarge_chunks_in_place: 1.
 - new_chunks_are_fully_committed: 0.
 - uncommit_free_chunks: 1.
 - use_allocation_guard: 0.
 - handle_deallocations: 1.


Internal statistics:

num_allocs_failed_limit: 12.
num_arena_births: 1890.
num_arena_deaths: 4.
num_vsnodes_births: 14.
num_vsnodes_deaths: 0.
num_space_committed: 1898.
num_space_uncommitted: 0.
num_chunks_returned_to_freelist: 24.
num_chunks_taken_from_freelist: 7308.
num_chunk_merges: 9.
num_chunk_splits: 4685.
num_chunks_enlarged: 2929.
num_purges: 4.
num_inconsistent_stats: 0.

CodeHeap 'non-profiled nmethods': size=120000Kb used=10013Kb max_used=10313Kb free=109986Kb
 bounds [0x00000286dbb90000, 0x00000286dc5d0000, 0x00000286e30c0000]
CodeHeap 'profiled nmethods': size=120000Kb used=26344Kb max_used=27697Kb free=93655Kb
 bounds [0x00000286d4660000, 0x00000286d61c0000, 0x00000286dbb90000]
CodeHeap 'non-nmethods': size=5760Kb used=2522Kb max_used=2638Kb free=3237Kb
 bounds [0x00000286d40c0000, 0x00000286d4360000, 0x00000286d4660000]
 total_blobs=14966 nmethods=13918 adapters=959
 compilation: enabled
              stopped_count=0, restarted_count=0
 full_count=0

Compilation events (20 events):
Event: 298.919 Thread 0x00000286eb215dc0 nmethod 17061 0x00000286d4a22a90 code [0x00000286d4a22ce0, 0x00000286d4a235b8]
Event: 298.967 Thread 0x00000286eb215dc0 17062       3       org.gradle.api.internal.artifacts.transform.ConsumerProvidedVariantFinder::findTransformedVariants (10 bytes)
Event: 298.971 Thread 0x00000286eb215dc0 nmethod 17062 0x00000286d548a090 code [0x00000286d548a240, 0x00000286d548a3e8]
Event: 298.971 Thread 0x00000286eb215dc0 17063       3       org.gradle.api.internal.artifacts.transform.ConsumerProvidedVariantFinder$TransformCache::access$000 (7 bytes)
Event: 298.971 Thread 0x00000286eb215dc0 nmethod 17063 0x00000286d54b1c10 code [0x00000286d54b1da0, 0x00000286d54b1ec8]
Event: 298.971 Thread 0x00000286eb1b7f30 17064       4       org.gradle.api.internal.artifacts.transform.AttributeMatchingArtifactVariantSelector::doSelect (247 bytes)
Event: 299.010 Thread 0x00000286eb215dc0 17067   !   3       org.gradle.internal.operations.notify.BuildOperationNotificationBridge$Adapter::started (175 bytes)
Event: 299.019 Thread 0x00000286eb215dc0 nmethod 17067 0x00000286d4f91410 code [0x00000286d4f917a0, 0x00000286d4f93068]
Event: 299.019 Thread 0x00000286eb215dc0 17069       3       jdk.management.jfr.internal.FlightRecorderMXBeanProvider$SingleMBeanComponent::mbeanInterfaceNames (11 bytes)
Event: 299.020 Thread 0x00000286eb215dc0 nmethod 17069 0x00000286d4a98610 code [0x00000286d4a987e0, 0x00000286d4a98c68]
Event: 299.022 Thread 0x00000286eb215dc0 17070   !   3       org.gradle.internal.operations.notify.BuildOperationNotificationBridge$Adapter::finished (116 bytes)
Event: 299.026 Thread 0x00000286eb215dc0 nmethod 17070 0x00000286d52fa510 code [0x00000286d52fa840, 0x00000286d52fbd78]
Event: 299.026 Thread 0x00000286eb215dc0 17071       3       org.gradle.internal.time.DefaultCountdownTimer::<init> (30 bytes)
Event: 299.028 Thread 0x00000286eb215dc0 nmethod 17071 0x00000286d5814890 code [0x00000286d5814a80, 0x00000286d5814fd8]
Event: 299.247 Thread 0x00000286eb215dc0 17072   !   3       org.gradle.cache.internal.filelock.LockInfoAccess::tryLock (39 bytes)
Event: 299.256 Thread 0x00000286eb215dc0 nmethod 17072 0x00000286d4770190 code [0x00000286d4770380, 0x00000286d4770818]
Event: 299.430 Thread 0x00000286eb215dc0 17073   !   3       org.gradle.cache.internal.DefaultFileLockManager$AwaitableFileLockReleasedSignal::await (78 bytes)
Event: 299.431 Thread 0x00000286eb215dc0 nmethod 17073 0x00000286d4bd7610 code [0x00000286d4bd77e0, 0x00000286d4bd7c38]
Event: 301.103 Thread 0x00000286eb215dc0 17074       3       org.gradle.internal.logging.slf4j.OutputEventListenerBackedLogger::debug (7 bytes)
Event: 301.103 Thread 0x00000286eb215dc0 nmethod 17074 0x00000286d54bee90 code [0x00000286d54bf020, 0x00000286d54bf168]

GC Heap History (20 events):
Event: 131.229 GC heap before
{Heap before GC invocations=49 (full 0):
 garbage-first heap   total 423936K, used 338650K [0x0000000080000000, 0x0000000100000000)
  region size 1024K, 208 young (212992K), 2 survivors (2048K)
 Metaspace       used 71716K, committed 72512K, reserved 1114112K
  class space    used 9922K, committed 10304K, reserved 1048576K
}
Event: 131.241 GC heap after
{Heap after GC invocations=50 (full 0):
 garbage-first heap   total 423936K, used 139490K [0x0000000080000000, 0x0000000100000000)
  region size 1024K, 14 young (14336K), 14 survivors (14336K)
 Metaspace       used 71716K, committed 72512K, reserved 1114112K
  class space    used 9922K, committed 10304K, reserved 1048576K
}
Event: 138.663 GC heap before
{Heap before GC invocations=50 (full 0):
 garbage-first heap   total 423936K, used 328930K [0x0000000080000000, 0x0000000100000000)
  region size 1024K, 192 young (196608K), 14 survivors (14336K)
 Metaspace       used 84067K, committed 84928K, reserved 1122304K
  class space    used 11563K, committed 12032K, reserved 1048576K
}
Event: 138.678 GC heap after
{Heap after GC invocations=51 (full 0):
 garbage-first heap   total 423936K, used 155172K [0x0000000080000000, 0x0000000100000000)
  region size 1024K, 14 young (14336K), 14 survivors (14336K)
 Metaspace       used 84067K, committed 84928K, reserved 1122304K
  class space    used 11563K, committed 12032K, reserved 1048576K
}
Event: 142.955 GC heap before
{Heap before GC invocations=51 (full 0):
 garbage-first heap   total 423936K, used 328228K [0x0000000080000000, 0x0000000100000000)
  region size 1024K, 182 young (186368K), 14 survivors (14336K)
 Metaspace       used 94188K, committed 95104K, reserved 1130496K
  class space    used 13124K, committed 13568K, reserved 1048576K
}
Event: 142.972 GC heap after
{Heap after GC invocations=52 (full 0):
 garbage-first heap   total 423936K, used 161810K [0x0000000080000000, 0x0000000100000000)
  region size 1024K, 9 young (9216K), 9 survivors (9216K)
 Metaspace       used 94188K, committed 95104K, reserved 1130496K
  class space    used 13124K, committed 13568K, reserved 1048576K
}
Event: 149.137 GC heap before
{Heap before GC invocations=52 (full 0):
 garbage-first heap   total 423936K, used 336914K [0x0000000080000000, 0x0000000100000000)
  region size 1024K, 179 young (183296K), 9 survivors (9216K)
 Metaspace       used 100413K, committed 101312K, reserved 1138688K
  class space    used 14024K, committed 14464K, reserved 1048576K
}
Event: 149.149 GC heap after
{Heap after GC invocations=53 (full 0):
 garbage-first heap   total 423936K, used 168120K [0x0000000080000000, 0x0000000100000000)
  region size 1024K, 13 young (13312K), 13 survivors (13312K)
 Metaspace       used 100413K, committed 101312K, reserved 1138688K
  class space    used 14024K, committed 14464K, reserved 1048576K
}
Event: 150.397 GC heap before
{Heap before GC invocations=53 (full 0):
 garbage-first heap   total 423936K, used 341176K [0x0000000080000000, 0x0000000100000000)
  region size 1024K, 182 young (186368K), 13 survivors (13312K)
 Metaspace       used 100414K, committed 101312K, reserved 1138688K
  class space    used 14024K, committed 14464K, reserved 1048576K
}
Event: 150.410 GC heap after
{Heap after GC invocations=54 (full 0):
 garbage-first heap   total 423936K, used 172422K [0x0000000080000000, 0x0000000100000000)
  region size 1024K, 12 young (12288K), 12 survivors (12288K)
 Metaspace       used 100414K, committed 101312K, reserved 1138688K
  class space    used 14024K, committed 14464K, reserved 1048576K
}
Event: 153.145 GC heap before
{Heap before GC invocations=54 (full 0):
 garbage-first heap   total 423936K, used 313734K [0x0000000080000000, 0x0000000100000000)
  region size 1024K, 150 young (153600K), 12 survivors (12288K)
 Metaspace       used 106735K, committed 107776K, reserved 1146880K
  class space    used 14831K, committed 15360K, reserved 1048576K
}
Event: 153.159 GC heap after
{Heap after GC invocations=55 (full 0):
 garbage-first heap   total 423936K, used 176481K [0x0000000080000000, 0x0000000100000000)
  region size 1024K, 16 young (16384K), 16 survivors (16384K)
 Metaspace       used 106735K, committed 107776K, reserved 1146880K
  class space    used 14831K, committed 15360K, reserved 1048576K
}
Event: 156.998 GC heap before
{Heap before GC invocations=56 (full 0):
 garbage-first heap   total 423936K, used 350561K [0x0000000080000000, 0x0000000100000000)
  region size 1024K, 182 young (186368K), 16 survivors (16384K)
 Metaspace       used 113711K, committed 114816K, reserved 1155072K
  class space    used 15609K, committed 16128K, reserved 1048576K
}
Event: 157.026 GC heap after
{Heap after GC invocations=57 (full 0):
 garbage-first heap   total 423936K, used 189556K [0x0000000080000000, 0x0000000100000000)
  region size 1024K, 23 young (23552K), 23 survivors (23552K)
 Metaspace       used 113711K, committed 114816K, reserved 1155072K
  class space    used 15609K, committed 16128K, reserved 1048576K
}
Event: 157.033 GC heap before
{Heap before GC invocations=57 (full 0):
 garbage-first heap   total 423936K, used 190580K [0x0000000080000000, 0x0000000100000000)
  region size 1024K, 24 young (24576K), 23 survivors (23552K)
 Metaspace       used 113711K, committed 114816K, reserved 1155072K
  class space    used 15609K, committed 16128K, reserved 1048576K
}
Event: 157.056 GC heap after
{Heap after GC invocations=58 (full 0):
 garbage-first heap   total 423936K, used 189939K [0x0000000080000000, 0x0000000100000000)
  region size 1024K, 3 young (3072K), 3 survivors (3072K)
 Metaspace       used 113711K, committed 114816K, reserved 1155072K
  class space    used 15609K, committed 16128K, reserved 1048576K
}
Event: 160.230 GC heap before
{Heap before GC invocations=58 (full 0):
 garbage-first heap   total 423936K, used 344563K [0x0000000080000000, 0x0000000100000000)
  region size 1024K, 154 young (157696K), 3 survivors (3072K)
 Metaspace       used 114675K, committed 115776K, reserved 1155072K
  class space    used 15730K, committed 16256K, reserved 1048576K
}
Event: 160.258 GC heap after
{Heap after GC invocations=59 (full 0):
 garbage-first heap   total 423936K, used 197924K [0x0000000080000000, 0x0000000100000000)
  region size 1024K, 11 young (11264K), 11 survivors (11264K)
 Metaspace       used 114675K, committed 115776K, reserved 1155072K
  class space    used 15730K, committed 16256K, reserved 1048576K
}
Event: 178.611 GC heap before
{Heap before GC invocations=60 (full 0):
 garbage-first heap   total 423936K, used 345380K [0x0000000080000000, 0x0000000100000000)
  region size 1024K, 155 young (158720K), 11 survivors (11264K)
 Metaspace       used 120159K, committed 121408K, reserved 1155072K
  class space    used 16392K, committed 16960K, reserved 1048576K
}
Event: 178.645 GC heap after
{Heap after GC invocations=61 (full 0):
 garbage-first heap   total 423936K, used 207886K [0x0000000080000000, 0x0000000100000000)
  region size 1024K, 11 young (11264K), 11 survivors (11264K)
 Metaspace       used 120159K, committed 121408K, reserved 1155072K
  class space    used 16392K, committed 16960K, reserved 1048576K
}

Deoptimization events (20 events):
Event: 298.942 Thread 0x00000286efda7870 Uncommon trap: trap_request=0xffffffde fr.pc=0x00000286dc58de1c relative=0x000000000000885c
Event: 298.942 Thread 0x00000286efda7870 Uncommon trap: reason=class_check action=maybe_recompile pc=0x00000286dc58de1c method=org.gradle.api.internal.artifacts.transform.AttributeMatchingArtifactVariantSelector.doSelect(Lorg/gradle/api/internal/artifacts/ivyservice/resolveengine/artifact/Resolv
Event: 298.942 Thread 0x00000286efda7870 DEOPT PACKING pc=0x00000286dc58de1c sp=0x000000ade4ef99d0
Event: 298.942 Thread 0x00000286efda7870 DEOPT UNPACKING pc=0x00000286d4115c23 sp=0x000000ade4ef9a10 mode 2
Event: 298.943 Thread 0x00000286efda7870 Uncommon trap: trap_request=0xffffffde fr.pc=0x00000286dc58de1c relative=0x000000000000885c
Event: 298.943 Thread 0x00000286efda7870 Uncommon trap: reason=class_check action=maybe_recompile pc=0x00000286dc58de1c method=org.gradle.api.internal.artifacts.transform.AttributeMatchingArtifactVariantSelector.doSelect(Lorg/gradle/api/internal/artifacts/ivyservice/resolveengine/artifact/Resolv
Event: 298.943 Thread 0x00000286efda7870 DEOPT PACKING pc=0x00000286dc58de1c sp=0x000000ade4ef99d0
Event: 298.943 Thread 0x00000286efda7870 DEOPT UNPACKING pc=0x00000286d4115c23 sp=0x000000ade4ef9a10 mode 2
Event: 298.943 Thread 0x00000286efda7870 Uncommon trap: trap_request=0xffffffde fr.pc=0x00000286dc58de1c relative=0x000000000000885c
Event: 298.943 Thread 0x00000286efda7870 Uncommon trap: reason=class_check action=maybe_recompile pc=0x00000286dc58de1c method=org.gradle.api.internal.artifacts.transform.AttributeMatchingArtifactVariantSelector.doSelect(Lorg/gradle/api/internal/artifacts/ivyservice/resolveengine/artifact/Resolv
Event: 298.943 Thread 0x00000286efda7870 DEOPT PACKING pc=0x00000286dc58de1c sp=0x000000ade4ef99d0
Event: 298.943 Thread 0x00000286efda7870 DEOPT UNPACKING pc=0x00000286d4115c23 sp=0x000000ade4ef9a10 mode 2
Event: 298.979 Thread 0x00000286efda7870 Uncommon trap: trap_request=0xffffffde fr.pc=0x00000286dc2f427c relative=0x000000000000097c
Event: 298.979 Thread 0x00000286efda7870 Uncommon trap: reason=class_check action=maybe_recompile pc=0x00000286dc2f427c method=org.gradle.api.internal.changedetection.state.CachingFileHasher.snapshot(Ljava/io/File;JJ)Lorg/gradle/api/internal/changedetection/state/CachingFileHasher$FileInfo; @ 14
Event: 298.979 Thread 0x00000286efda7870 DEOPT PACKING pc=0x00000286dc2f427c sp=0x000000ade4ef6240
Event: 298.980 Thread 0x00000286efda7870 DEOPT UNPACKING pc=0x00000286d4115c23 sp=0x000000ade4ef6148 mode 2
Event: 298.989 Thread 0x00000286efda7870 Uncommon trap: trap_request=0xffffffde fr.pc=0x00000286dc2f427c relative=0x000000000000097c
Event: 298.989 Thread 0x00000286efda7870 Uncommon trap: reason=class_check action=maybe_recompile pc=0x00000286dc2f427c method=org.gradle.api.internal.changedetection.state.CachingFileHasher.snapshot(Ljava/io/File;JJ)Lorg/gradle/api/internal/changedetection/state/CachingFileHasher$FileInfo; @ 14
Event: 298.989 Thread 0x00000286efda7870 DEOPT PACKING pc=0x00000286dc2f427c sp=0x000000ade4ef6240
Event: 298.989 Thread 0x00000286efda7870 DEOPT UNPACKING pc=0x00000286d4115c23 sp=0x000000ade4ef6148 mode 2

Classes unloaded (12 events):
Event: 112.226 Thread 0x00000286eb195160 Unloading class 0x00000008012ec000 '_BuildScript_$_run_closure1$_closure2'
Event: 112.226 Thread 0x00000286eb195160 Unloading class 0x00000008012e0400 '_BuildScript_$_run_closure1'
Event: 112.226 Thread 0x00000286eb195160 Unloading class 0x00000008012e0800 '_BuildScript_'
Event: 120.423 Thread 0x00000286eb195160 Unloading class 0x00000008013114d0 '_BuildScript_$_run_closure1$_closure3'
Event: 120.423 Thread 0x00000286eb195160 Unloading class 0x00000008013110e8 '_BuildScript_$_run_closure1$_closure2'
Event: 120.423 Thread 0x00000286eb195160 Unloading class 0x0000000801310d00 '_BuildScript_$_run_closure1'
Event: 120.423 Thread 0x00000286eb195160 Unloading class 0x00000008013107d0 '_BuildScript_'
Event: 120.423 Thread 0x00000286eb195160 Unloading class 0x00000008013103e8 'JetGradlePlugin$_apply_closure1$_closure2$_closure3'
Event: 120.423 Thread 0x00000286eb195160 Unloading class 0x0000000801310000 'JetGradlePlugin$_apply_closure1$_closure2'
Event: 120.423 Thread 0x00000286eb195160 Unloading class 0x0000000801309400 'JetGradlePlugin$_apply_closure1'
Event: 120.423 Thread 0x00000286eb195160 Unloading class 0x0000000801309ac8 'JetGradlePlugin'
Event: 120.423 Thread 0x00000286eb195160 Unloading class 0x0000000801309800 'RegistryProcessor'

Classes redefined (0 events):
No events

Internal exceptions (20 events):
Event: 165.000 Thread 0x00000286f3ed36e0 Exception <a 'java/lang/NoSuchMethodError'{0x0000000093a87d60}: static Lorg/jetbrains/kotlin/idea/gradleTooling/model/kapt/KaptGradleModelImpl;.<clinit>()V> (0x0000000093a87d60) 
thrown [c:\sb\prod\1715191057\workspace\open\src\hotspot\share\prims\jni.cpp, line 1107]
Event: 165.001 Thread 0x00000286f3ed36e0 Exception <a 'java/lang/NoSuchMethodError'{0x0000000093a94e60}: static Lorg/jetbrains/kotlin/idea/gradleTooling/KotlinGradleModelImpl;.<clinit>()V> (0x0000000093a94e60) 
thrown [c:\sb\prod\1715191057\workspace\open\src\hotspot\share\prims\jni.cpp, line 1107]
Event: 165.002 Thread 0x00000286f3ed36e0 Exception <a 'java/lang/NoSuchMethodError'{0x0000000093aabc70}: static Lorg/jetbrains/kotlin/idea/gradleTooling/KotlinGradlePluginVersionImpl;.<clinit>()V> (0x0000000093aabc70) 
thrown [c:\sb\prod\1715191057\workspace\open\src\hotspot\share\prims\jni.cpp, line 1107]
Event: 165.003 Thread 0x00000286f3ed36e0 Exception <a 'java/lang/NoSuchMethodError'{0x0000000093ab4908}: static Lorg/jetbrains/kotlin/tooling/core/KotlinToolingVersion;.<clinit>()V> (0x0000000093ab4908) 
thrown [c:\sb\prod\1715191057\workspace\open\src\hotspot\share\prims\jni.cpp, line 1107]
Event: 165.003 Thread 0x00000286f3ed36e0 Exception <a 'java/lang/NoSuchMethodError'{0x0000000093ac0220}: static Lorg/jetbrains/kotlin/idea/gradleTooling/KotlinTaskPropertiesImpl;.<clinit>()V> (0x0000000093ac0220) 
thrown [c:\sb\prod\1715191057\workspace\open\src\hotspot\share\prims\jni.cpp, line 1107]
Event: 165.032 Thread 0x00000286f3ed36e0 Exception <a 'java/lang/NoSuchMethodError'{0x00000000938418d8}: static Lorg/jetbrains/plugins/gradle/tooling/internal/VersionCatalogsModelImpl;.<clinit>()V> (0x00000000938418d8) 
thrown [c:\sb\prod\1715191057\workspace\open\src\hotspot\share\prims\jni.cpp, line 1107]
Event: 165.355 Thread 0x00000286ed261090 Exception <a 'java/lang/NoSuchMethodError'{0x0000000092211730}: static Lorg/gradle/internal/classloader/ClassLoaderSpec;.<clinit>()V> (0x0000000092211730) 
thrown [c:\sb\prod\1715191057\workspace\open\src\hotspot\share\prims\jni.cpp, line 1107]
Event: 165.357 Thread 0x00000286ed261090 Exception <a 'java/lang/NoSuchMethodError'{0x0000000092223180}: static Lorg/gradle/internal/classloader/VisitableURLClassLoader$Spec;.<clinit>()V> (0x0000000092223180) 
thrown [c:\sb\prod\1715191057\workspace\open\src\hotspot\share\prims\jni.cpp, line 1107]
Event: 165.362 Thread 0x00000286ed261090 Exception <a 'java/lang/NoSuchMethodError'{0x000000009225ea20}: static [Ljava/net/URL;.<clinit>()V> (0x000000009225ea20) 
thrown [c:\sb\prod\1715191057\workspace\open\src\hotspot\share\prims\jni.cpp, line 1107]
Event: 165.365 Thread 0x00000286ed261090 Exception <a 'java/lang/NoSuchMethodError'{0x000000009227de08}: static Lorg/gradle/internal/classloader/FilteringClassLoader$Spec;.<clinit>()V> (0x000000009227de08) 
thrown [c:\sb\prod\1715191057\workspace\open\src\hotspot\share\prims\jni.cpp, line 1107]
Event: 165.367 Thread 0x00000286ed261090 Exception <a 'java/lang/NoSuchMethodError'{0x000000009228d830}: static Lorg/gradle/internal/classloader/CachingClassLoader$Spec;.<clinit>()V> (0x000000009228d830) 
thrown [c:\sb\prod\1715191057\workspace\open\src\hotspot\share\prims\jni.cpp, line 1107]
Event: 165.393 Thread 0x00000286ed25e070 Implicit null exception at 0x00000286dbe9c3d8 to 0x00000286dbe9c5e8
Event: 165.394 Thread 0x00000286ed25e070 Implicit null exception at 0x00000286dbee24ca to 0x00000286dbee42f4
Event: 165.434 Thread 0x00000286ed25e070 Exception <a 'java/lang/NoSuchMethodError'{0x000000009218ab80}: 'void java.lang.invoke.DirectMethodHandle$Holder.invokeSpecial(java.lang.Object, java.lang.Object, int)'> (0x000000009218ab80) 
thrown [c:\sb\prod\1715191057\workspace\open\src\hotspot\share\interpreter\linkResolver.cpp, line 766]
Event: 165.555 Thread 0x00000286ed25e070 Implicit null exception at 0x00000286dc3d1e72 to 0x00000286dc3d3348
Event: 165.585 Thread 0x00000286ed25e070 Implicit null exception at 0x00000286dc0b520f to 0x00000286dc0b525c
Event: 295.920 Thread 0x00000286efda7870 Exception <a 'java/lang/ClassNotFoundException'{0x00000000996902f8}: ijJvmDebugger1_6akgy5474jynj2cou5rlknygwBeanInfo> (0x00000000996902f8) 
thrown [c:\sb\prod\1715191057\workspace\open\src\hotspot\share\classfile\systemDictionary.cpp, line 256]
Event: 295.923 Thread 0x00000286efda7870 Exception <a 'java/lang/ClassNotFoundException'{0x0000000099697578}: ijJvmDebugger1_6akgy5474jynj2cou5rlknygwCustomizer> (0x0000000099697578) 
thrown [c:\sb\prod\1715191057\workspace\open\src\hotspot\share\classfile\systemDictionary.cpp, line 256]
Event: 296.058 Thread 0x00000286efda7870 Exception <a 'java/lang/ClassNotFoundException'{0x00000000996ec978}: ijJvmDebugger1_6akgy5474jynj2cou5rlknygw$_run_closure1BeanInfo> (0x00000000996ec978) 
thrown [c:\sb\prod\1715191057\workspace\open\src\hotspot\share\classfile\systemDictionary.cpp, line 256]
Event: 296.059 Thread 0x00000286efda7870 Exception <a 'java/lang/ClassNotFoundException'{0x00000000996f3b78}: ijJvmDebugger1_6akgy5474jynj2cou5rlknygw$_run_closure1Customizer> (0x00000000996f3b78) 
thrown [c:\sb\prod\1715191057\workspace\open\src\hotspot\share\classfile\systemDictionary.cpp, line 256]

VM Operations (20 events):
Event: 206.879 Executing VM operation: Cleanup
Event: 208.779 Executing VM operation: Cleanup done
Event: 209.790 Executing VM operation: Cleanup
Event: 209.798 Executing VM operation: Cleanup done
Event: 224.878 Executing VM operation: Cleanup
Event: 224.879 Executing VM operation: Cleanup done
Event: 247.044 Executing VM operation: Cleanup
Event: 247.047 Executing VM operation: Cleanup done
Event: 286.343 Executing VM operation: Cleanup
Event: 286.425 Executing VM operation: Cleanup done
Event: 294.518 Executing VM operation: Cleanup
Event: 294.534 Executing VM operation: Cleanup done
Event: 295.538 Executing VM operation: Cleanup
Event: 295.539 Executing VM operation: Cleanup done
Event: 296.540 Executing VM operation: Cleanup
Event: 296.959 Executing VM operation: Cleanup done
Event: 297.959 Executing VM operation: Cleanup
Event: 298.019 Executing VM operation: Cleanup done
Event: 299.032 Executing VM operation: Cleanup
Event: 299.032 Executing VM operation: Cleanup done

Events (20 events):
Event: 293.691 loading class jdk/internal/math/FormattedFloatingDecimal
Event: 293.725 loading class jdk/internal/math/FormattedFloatingDecimal done
Event: 293.729 loading class jdk/internal/math/FormattedFloatingDecimal$1
Event: 293.733 loading class jdk/internal/math/FormattedFloatingDecimal$1 done
Event: 293.744 loading class jdk/internal/math/FormattedFloatingDecimal$2
Event: 293.746 loading class jdk/internal/math/FormattedFloatingDecimal$2 done
Event: 293.763 Thread 0x00000286efdaad60 Thread added: 0x00000286efdaad60
Event: 293.764 Thread 0x00000286efda8210 Thread added: 0x00000286efda8210
Event: 294.202 Thread 0x00000286efda73a0 Thread added: 0x00000286efda73a0
Event: 294.216 Thread 0x00000286efdad3e0 Thread added: 0x00000286efdad3e0
Event: 294.351 Thread 0x00000286ee8d7ab0 Thread added: 0x00000286ee8d7ab0
Event: 294.555 Thread 0x00000286ee8d7ab0 Thread exited: 0x00000286ee8d7ab0
Event: 294.615 Thread 0x00000286efdab230 Thread added: 0x00000286efdab230
Event: 294.655 Thread 0x00000286efdab700 Thread added: 0x00000286efdab700
Event: 294.670 Thread 0x00000286efdad8b0 Thread added: 0x00000286efdad8b0
Event: 295.646 Thread 0x00000286efdac570 Thread added: 0x00000286efdac570
Event: 299.015 Thread 0x00000286efdabbd0 Thread added: 0x00000286efdabbd0
Event: 299.018 Thread 0x00000286efdac0a0 Thread added: 0x00000286efdac0a0
Event: 299.019 Thread 0x00000286efdaca40 Thread added: 0x00000286efdaca40
Event: 299.021 Thread 0x00000286efdacf10 Thread added: 0x00000286efdacf10


Dynamic libraries:
0x00007ff7a9da0000 - 0x00007ff7a9dae000 	C:\Program Files\Java\jdk-17\bin\java.exe
0x00007fff2bb40000 - 0x00007fff2bda8000 	C:\WINDOWS\SYSTEM32\ntdll.dll
0x00007fff2a670000 - 0x00007fff2a739000 	C:\WINDOWS\System32\KERNEL32.DLL
0x00007fff29300000 - 0x00007fff296f2000 	C:\WINDOWS\System32\KERNELBASE.dll
0x00007fff28d90000 - 0x00007fff28edb000 	C:\WINDOWS\System32\ucrtbase.dll
0x00007ffee07f0000 - 0x00007ffee0808000 	C:\Program Files\Java\jdk-17\bin\jli.dll
0x00007fff29fa0000 - 0x00007fff2a165000 	C:\WINDOWS\System32\USER32.dll
0x00007fff29700000 - 0x00007fff29727000 	C:\WINDOWS\System32\win32u.dll
0x00007fff2a800000 - 0x00007fff2a82b000 	C:\WINDOWS\System32\GDI32.dll
0x00007fff291d0000 - 0x00007fff292fd000 	C:\WINDOWS\System32\gdi32full.dll
0x00007fff297d0000 - 0x00007fff29873000 	C:\WINDOWS\System32\msvcp_win.dll
0x00007ffedc350000 - 0x00007ffedc36a000 	C:\Program Files\Java\jdk-17\bin\VCRUNTIME140.dll
0x00007fff0fde0000 - 0x00007fff10073000 	C:\WINDOWS\WinSxS\amd64_microsoft.windows.common-controls_6595b64144ccf1df_6.0.26100.6899_none_3e0efeeae32e88c1\COMCTL32.dll
0x00007fff2a740000 - 0x00007fff2a7e9000 	C:\WINDOWS\System32\msvcrt.dll
0x00007fff2a900000 - 0x00007fff2a92f000 	C:\WINDOWS\System32\IMM32.DLL
0x00007fff22ee0000 - 0x00007fff22eec000 	C:\Program Files\Java\jdk-17\bin\vcruntime140_1.dll
0x00007ffed3f30000 - 0x00007ffed3fbd000 	C:\Program Files\Java\jdk-17\bin\msvcp140.dll
0x00007ffe7bfa0000 - 0x00007ffe7cb60000 	C:\Program Files\Java\jdk-17\bin\server\jvm.dll
0x00007fff2a830000 - 0x00007fff2a8e4000 	C:\WINDOWS\System32\ADVAPI32.dll
0x00007fff2b9a0000 - 0x00007fff2ba46000 	C:\WINDOWS\System32\sechost.dll
0x00007fff2a550000 - 0x00007fff2a668000 	C:\WINDOWS\System32\RPCRT4.dll
0x00007fff299a0000 - 0x00007fff299a8000 	C:\WINDOWS\System32\PSAPI.DLL
0x00007fff0fd30000 - 0x00007fff0fd3a000 	C:\WINDOWS\SYSTEM32\WSOCK32.dll
0x00007fff2b8b0000 - 0x00007fff2b924000 	C:\WINDOWS\System32\WS2_32.dll
0x00007fff204a0000 - 0x00007fff204d5000 	C:\WINDOWS\SYSTEM32\WINMM.dll
0x00007fff223b0000 - 0x00007fff223bb000 	C:\WINDOWS\SYSTEM32\VERSION.dll
0x00007fff27aa0000 - 0x00007fff27abb000 	C:\WINDOWS\SYSTEM32\kernel.appcore.dll
0x00007ffee6cc0000 - 0x00007ffee6cca000 	C:\Program Files\Java\jdk-17\bin\jimage.dll
0x00007fff26340000 - 0x00007fff26582000 	C:\WINDOWS\SYSTEM32\DBGHELP.DLL
0x00007fff2a1d0000 - 0x00007fff2a54b000 	C:\WINDOWS\System32\combase.dll
0x00007fff2a990000 - 0x00007fff2aa67000 	C:\WINDOWS\System32\OLEAUT32.dll
0x00007ffefd140000 - 0x00007ffefd17c000 	C:\WINDOWS\SYSTEM32\dbgcore.DLL
0x00007fff29730000 - 0x00007fff297c8000 	C:\WINDOWS\System32\bcryptPrimitives.dll
0x00007ffee66d0000 - 0x00007ffee66de000 	C:\Program Files\Java\jdk-17\bin\instrument.dll
0x00007ffed9430000 - 0x00007ffed9455000 	C:\Program Files\Java\jdk-17\bin\java.dll
0x00007ffed12e0000 - 0x00007ffed13b6000 	C:\Program Files\Java\jdk-17\bin\svml.dll
0x00007fff2aa90000 - 0x00007fff2b1dd000 	C:\WINDOWS\System32\SHELL32.dll
0x00007fff29060000 - 0x00007fff291cb000 	C:\WINDOWS\System32\wintypes.dll
0x00007fff26900000 - 0x00007fff2715d000 	C:\WINDOWS\SYSTEM32\windows.storage.dll
0x00007fff2b6a0000 - 0x00007fff2b792000 	C:\WINDOWS\System32\SHCORE.dll
0x00007fff2b930000 - 0x00007fff2b992000 	C:\WINDOWS\System32\shlwapi.dll
0x00007fff28bf0000 - 0x00007fff28c19000 	C:\WINDOWS\SYSTEM32\profapi.dll
0x00007ffeda2a0000 - 0x00007ffeda2b8000 	C:\Program Files\Java\jdk-17\bin\zip.dll
0x00007ffeda0b0000 - 0x00007ffeda0c9000 	C:\Program Files\Java\jdk-17\bin\net.dll
0x00007fff227c0000 - 0x00007fff228df000 	C:\WINDOWS\SYSTEM32\WINHTTP.dll
0x00007fff28010000 - 0x00007fff2807b000 	C:\WINDOWS\system32\mswsock.dll
0x00007ffed9410000 - 0x00007ffed9425000 	C:\Program Files\Java\jdk-17\bin\nio.dll
0x00007ffee62e0000 - 0x00007ffee62f0000 	C:\Program Files\Java\jdk-17\bin\verify.dll
0x00007ffedc370000 - 0x00007ffedc397000 	C:\Users\Dell\.gradle\native\c067742578af261105cb4f569cf0c3c89f3d7b1fecec35dd04571415982c5e48\windows-amd64\native-platform.dll
0x00007ffece920000 - 0x00007ffecea64000 	C:\Users\Dell\.gradle\native\100fb08df4bc3b14c8652ba06237920a3bd2aa13389f12d3474272988ae205f9\windows-amd64\native-platform-file-events.dll
0x00007fff21ce0000 - 0x00007fff21ce9000 	C:\Program Files\Java\jdk-17\bin\management.dll
0x00007fff21cd0000 - 0x00007fff21cdb000 	C:\Program Files\Java\jdk-17\bin\management_ext.dll
0x00007fff282d0000 - 0x00007fff282eb000 	C:\WINDOWS\SYSTEM32\CRYPTSP.dll
0x00007fff27a00000 - 0x00007fff27a3b000 	C:\WINDOWS\system32\rsaenh.dll
0x00007fff280b0000 - 0x00007fff280db000 	C:\WINDOWS\SYSTEM32\USERENV.dll
0x00007fff28bc0000 - 0x00007fff28be6000 	C:\WINDOWS\SYSTEM32\bcrypt.dll
0x00007fff282c0000 - 0x00007fff282cc000 	C:\WINDOWS\SYSTEM32\CRYPTBASE.dll
0x00007fff274d0000 - 0x00007fff27504000 	C:\WINDOWS\SYSTEM32\IPHLPAPI.DLL
0x00007fff2b8a0000 - 0x00007fff2b8aa000 	C:\WINDOWS\System32\NSI.dll
0x00007fff23740000 - 0x00007fff2375e000 	C:\WINDOWS\SYSTEM32\dhcpcsvc6.DLL
0x00007fff23710000 - 0x00007fff23733000 	C:\WINDOWS\SYSTEM32\dhcpcsvc.DLL
0x00007fff27570000 - 0x00007fff27696000 	C:\WINDOWS\SYSTEM32\DNSAPI.dll
0x00007fff21cc0000 - 0x00007fff21cce000 	C:\Program Files\Java\jdk-17\bin\sunmscapi.dll
0x00007fff28ee0000 - 0x00007fff29057000 	C:\WINDOWS\System32\CRYPT32.dll
0x00007fff284e0000 - 0x00007fff28510000 	C:\WINDOWS\SYSTEM32\ncrypt.dll
0x00007fff28490000 - 0x00007fff284cf000 	C:\WINDOWS\SYSTEM32\NTASN1.dll
0x00007ffef27a0000 - 0x00007ffef27a8000 	C:\WINDOWS\system32\wshunix.dll
0x00007fff00500000 - 0x00007fff00518000 	C:\WINDOWS\system32\napinsp.dll
0x00007fff004e0000 - 0x00007fff004f2000 	C:\WINDOWS\System32\winrnr.dll
0x00007fff004b0000 - 0x00007fff004d8000 	C:\WINDOWS\system32\nlansp_c.dll
0x00007fff00490000 - 0x00007fff004a6000 	C:\WINDOWS\system32\wshbth.dll
0x00007fff22480000 - 0x00007fff2248b000 	C:\Windows\System32\rasadhlp.dll
0x00007fff239d0000 - 0x00007fff23a56000 	C:\WINDOWS\System32\fwpuclnt.dll

dbghelp: loaded successfully - version: 4.0.5 - missing functions: none
symbol engine: initialized successfully - sym options: 0x614 - pdb path: .;C:\Program Files\Java\jdk-17\bin;C:\WINDOWS\SYSTEM32;C:\WINDOWS\WinSxS\amd64_microsoft.windows.common-controls_6595b64144ccf1df_6.0.26100.6899_none_3e0efeeae32e88c1;C:\Program Files\Java\jdk-17\bin\server;C:\Users\Dell\.gradle\native\c067742578af261105cb4f569cf0c3c89f3d7b1fecec35dd04571415982c5e48\windows-amd64;C:\Users\Dell\.gradle\native\100fb08df4bc3b14c8652ba06237920a3bd2aa13389f12d3474272988ae205f9\windows-amd64

VM Arguments:
jvm_args: --add-opens=java.base/java.lang=ALL-UNNAMED --add-opens=java.base/java.lang.invoke=ALL-UNNAMED --add-opens=java.base/java.util=ALL-UNNAMED --add-opens=java.prefs/java.util.prefs=ALL-UNNAMED --add-exports=jdk.compiler/com.sun.tools.javac.api=ALL-UNNAMED --add-exports=jdk.compiler/com.sun.tools.javac.util=ALL-UNNAMED --add-opens=java.base/java.util=ALL-UNNAMED --add-opens=java.prefs/java.util.prefs=ALL-UNNAMED --add-opens=java.base/java.nio.charset=ALL-UNNAMED --add-opens=java.base/java.net=ALL-UNNAMED --add-opens=java.base/java.util.concurrent.atomic=ALL-UNNAMED --add-opens=java.xml/javax.xml.namespace=ALL-UNNAMED -Xmx2048m -Dfile.encoding=UTF-8 -Duser.country=IN -Duser.language=en -Duser.variant -javaagent:C:\Users\Dell\.gradle\wrapper\dists\gradle-8.11.1-bin\bpt9gzteqjrbo1mjrsomdt32c\gradle-8.11.1\lib\agents\gradle-instrumentation-agent-8.11.1.jar 
java_command: org.gradle.launcher.daemon.bootstrap.GradleDaemon 8.11.1
java_class_path (initial): C:\Users\Dell\.gradle\wrapper\dists\gradle-8.11.1-bin\bpt9gzteqjrbo1mjrsomdt32c\gradle-8.11.1\lib\gradle-daemon-main-8.11.1.jar
Launcher Type: SUN_STANDARD

[Global flags]
     intx CICompilerCount                          = 4                                         {product} {ergonomic}
     uint ConcGCThreads                            = 2                                         {product} {ergonomic}
     uint G1ConcRefinementThreads                  = 8                                         {product} {ergonomic}
   size_t G1HeapRegionSize                         = 1048576                                   {product} {ergonomic}
    uintx GCDrainStackTargetSize                   = 64                                        {product} {ergonomic}
   size_t InitialHeapSize                          = 130023424                                 {product} {ergonomic}
   size_t MarkStackSize                            = 4194304                                   {product} {ergonomic}
   size_t MaxHeapSize                              = 2147483648                                {product} {command line}
   size_t MaxNewSize                               = 1287651328                                {product} {ergonomic}
   size_t MinHeapDeltaBytes                        = 1048576                                   {product} {ergonomic}
   size_t MinHeapSize                              = 8388608                                   {product} {ergonomic}
    uintx NonNMethodCodeHeapSize                   = 5839372                                {pd product} {ergonomic}
    uintx NonProfiledCodeHeapSize                  = 122909434                              {pd product} {ergonomic}
    uintx ProfiledCodeHeapSize                     = 122909434                              {pd product} {ergonomic}
    uintx ReservedCodeCacheSize                    = 251658240                              {pd product} {ergonomic}
     bool SegmentedCodeCache                       = true                                      {product} {ergonomic}
   size_t SoftMaxHeapSize                          = 2147483648                             {manageable} {ergonomic}
     bool UseCompressedClassPointers               = true                           {product lp64_product} {ergonomic}
     bool UseCompressedOops                        = true                           {product lp64_product} {ergonomic}
     bool UseG1GC                                  = true                                      {product} {ergonomic}
     bool UseLargePagesIndividualAllocation        = false                                  {pd product} {ergonomic}

Logging:
Log output configuration:
 #0: stdout all=warning uptime,level,tags
 #1: stderr all=off uptime,level,tags

Environment Variables:
JAVA_HOME="C:\Program Files\Java\jdk-17"
PATH=%JAVA_HOME%\bin;C:\WINDOWS\system32;C:\Program Files\Common Files\Oracle\Java\javapath;C:\WINDOWS;C:\WINDOWS\System32\Wbem;C:\WINDOWS\System32\WindowsPowerShell\v1.0\;C:\WINDOWS\System32\OpenSSH\;C:\Program Files\dotnet\;C:\MinGW\bin;C:\Program Files\Git\cmd;C:\Program Files\nodejs\;C:\ProgramData\chocolatey\bin;C:\Users\Dell\AppData\Local\Microsoft\WindowsApps;C:\Users\Dell\AppData\Local\Programs\Microsoft VS Code\bin;C:\Users\Dell\AppData\Local\GitHubDesktop\bin;C:\Users\Dell\AppData\Roaming\npm;C:\flutter\src\flutter\bin;D:\projects;
USERNAME=Dell
OS=Windows_NT
PROCESSOR_IDENTIFIER=Intel64 Family 6 Model 140 Stepping 1, GenuineIntel



---------------  S Y S T E M  ---------------

OS:
 Windows 10 , 64 bit Build 26100 (10.0.26100.6725)
OS uptime: 14 days 21:00 hours
Hyper-V role detected

CPU: total 8 (initial active 8) (4 cores per cpu, 2 threads per core) family 6 model 140 stepping 1 microcode 0xbc, cx8, cmov, fxsr, ht, mmx, 3dnowpref, sse, sse2, sse3, ssse3, sse4.1, sse4.2, popcnt, lzcnt, tsc, tscinvbit, avx, avx2, aes, erms, clmul, bmi1, bmi2, adx, avx512f, avx512dq, avx512cd, avx512bw, avx512vl, sha, fma, vzeroupper, avx512_vpopcntdq, avx512_vpclmulqdq, avx512_vaes, avx512_vnni, clflush, clflushopt, clwb, avx512_vbmi2, avx512_vbmi, hv

Memory: 4k page, system-wide physical 7926M (576M free)
TotalPageFile size 32502M (AvailPageFile size 1M)
current process WorkingSet (physical memory assigned to process): 147M, peak: 697M
current process commit charge ("private bytes"): 768M, peak: 879M

vm_info: OpenJDK 64-Bit Server VM (17.0.0.1+2-3) for windows-amd64 JRE (17.0.0.1+2-3), built on May  8 2024 19:05:00 by "mach5one" with MS VC++ 16.8 (VS2019)

END.
